
 RUN  v2.1.9 /mnt/e/Hoc-tap/WebStormProject/onboarding-mini-app/privos-mcp-app-demo

 ❯ tests/onboarding/v4-bootstrap.spec.tsx (10 tests | 7 failed) 3183ms
   × v4 room bootstrap surface > keeps the newest-first order and filters when returning from a newly saved template 283ms
     → Unable to find an accessible element with the role "button" and name "Draft"

Here are the accessible roles:

  complementary:

  Name "Main navigation":
  [36m<aside[39m
    [33maria-label[39m=[32m"Main navigation"[39m
    [33mclass[39m=[32m"v4-sidebar"[39m
  [36m/>[39m

  --------------------------------------------------
  strong:

  Name "":
  [36m<strong />[39m

  Name "":
  [36m<strong />[39m

  --------------------------------------------------
  navigation:

  Name "Main navigation":
  [36m<nav[39m
    [33maria-label[39m=[32m"Main navigation"[39m
    [33mclass[39m=[32m"v4-nav"[39m
  [36m/>[39m

  --------------------------------------------------
  button:

  Name "People":
  [36m<button[39m
    [33maria-label[39m=[32m"People"[39m
    [33mclass[39m=[32m"v4-nav-button"[39m
    [33mtype[39m=[32m"button"[39m
  [36m/>[39m

  Name "New onboarding":
  [36m<button[39m
    [33maria-label[39m=[32m"New onboarding"[39m
    [33mclass[39m=[32m"v4-nav-button"[39m
    [33mtype[39m=[32m"button"[39m
  [36m/>[39m

  Name "Templates":
  [36m<button[39m
    [33maria-current[39m=[32m"page"[39m
    [33maria-label[39m=[32m"Templates"[39m
    [33mclass[39m=[32m"v4-nav-button active"[39m
    [33mtype[39m=[32m"button"[39m
  [36m/>[39m

  Name "VI":
  [36m<button[39m
    [33maria-pressed[39m=[32m"false"[39m
    [33mclass[39m=[32m""[39m
    [33mtype[39m=[32m"button"[39m
  [36m/>[39m

  Name "EN":
  [36m<button[39m
    [33maria-pressed[39m=[32m"true"[39m
    [33mclass[39m=[32m"active"[39m
    [33mtype[39m=[32m"button"[39m
  [36m/>[39m

  Name "Light theme":
  [36m<button[39m
    [33maria-label[39m=[32m"Light theme"[39m
    [33maria-pressed[39m=[32m"true"[39m
    [33mclass[39m=[32m"v4-theme-dot active"[39m
    [33mdata-theme[39m=[32m"light"[39m
    [33mtype[39m=[32m"button"[39m
  [36m/>[39m

  Name "Dark theme":
  [36m<button[39m
    [33maria-label[39m=[32m"Dark theme"[39m
    [33maria-pressed[39m=[32m"false"[39m
    [33mclass[39m=[32m"v4-theme-dot"[39m
    [33mdata-theme[39m=[32m"dark"[39m
    [33mtype[39m=[32m"button"[39m
  [36m/>[39m

  Name "Brand theme":
  [36m<button[39m
    [33maria-label[39m=[32m"Brand theme"[39m
    [33maria-pressed[39m=[32m"false"[39m
    [33mclass[39m=[32m"v4-theme-dot"[39m
    [33mdata-theme[39m=[32m"brand"[39m
    [33mtype[39m=[32m"button"[39m
  [36m/>[39m

  Name "Create template":
  [36m<button[39m
    [33mclass[39m=[32m"v4-primary-button"[39m
    [33mtype[39m=[32m"button"[39m
  [36m/>[39m

  Name "Reset":
  [36m<button[39m
    [33mclass[39m=[32m"v4-secondary-button"[39m
    [33mtype[39m=[32m"button"[39m
  [36m/>[39m

  Name "Previous":
  [36m<button[39m
    [33mdisabled[39m=[32m""[39m
    [33mtype[39m=[32m"button"[39m
  [36m/>[39m

  Name "Next":
  [36m<button[39m
    [33mdisabled[39m=[32m""[39m
    [33mtype[39m=[32m"button"[39m
  [36m/>[39m

  --------------------------------------------------
  banner:

  Name "":
  [36m<header[39m
    [33mclass[39m=[32m"v4-topbar"[39m
  [36m/>[39m

  --------------------------------------------------
  group:

  Name "Language":
  [36m<div[39m
    [33maria-label[39m=[32m"Language"[39m
    [33mclass[39m=[32m"v4-language"[39m
    [33mrole[39m=[32m"group"[39m
  [36m/>[39m

  Name "Appearance":
  [36m<div[39m
    [33maria-label[39m=[32m"Appearance"[39m
    [33mclass[39m=[32m"v4-themes"[39m
    [33mrole[39m=[32m"group"[39m
  [36m/>[39m

  --------------------------------------------------
  main:

  Name "":
  [36m<main[39m
    [33mclass[39m=[32m"v4-main"[39m
  [36m/>[39m

  --------------------------------------------------
  region:

  Name "Templates by position":
  [36m<section[39m
    [33maria-labelledby[39m=[32m"v4-positions-title"[39m
    [33mclass[39m=[32m"v4-screen"[39m
  [36m/>[39m

  Name "Templates by position":
  [36m<div[39m
    [33maria-label[39m=[32m"Templates by position"[39m
    [33mclass[39m=[32m"v4-table-wrap"[39m
    [33mrole[39m=[32m"region"[39m
    [33mtabindex[39m=[32m"0"[39m
  [36m/>[39m

  --------------------------------------------------
  paragraph:

  Name "":
  [36m<p[39m
    [33mclass[39m=[32m"v4-eyebrow"[39m
  [36m/>[39m

  Name "":
  [36m<p />[39m

  Name "":
  [36m<p[39m
    [33maria-live[39m=[32m"polite"[39m
    [33mclass[39m=[32m"v4-list-meta"[39m
  [36m/>[39m

  Name "":
  [36m<p />[39m

  --------------------------------------------------
  heading:

  Name "Templates by position":
  [36m<h1[39m
    [33mid[39m=[32m"v4-positions-title"[39m
  [36m/>[39m

  --------------------------------------------------
  textbox:

  Name "Search positions":
  [36m<input[39m
    [33mplaceholder[39m=[32m"Search positions"[39m
    [33mvalue[39m=[32m""[39m
  [36m/>[39m

  --------------------------------------------------
  combobox:

  Name "Filter template status":
  [36m<select />[39m

  --------------------------------------------------
  option:

  Name "All statuses":
  [36m<option[39m
    [33mvalue[39m=[32m"all"[39m
  [36m/>[39m

  Name "Draft":
  [36m<option[39m
    [33mvalue[39m=[32m"draft"[39m
  [36m/>[39m

  Name "Ready":
  [36m<option[39m
    [33mvalue[39m=[32m"ready"[39m
  [36m/>[39m

  Name "Disabled":
  [36m<option[39m
    [33mvalue[39m=[32m"disabled"[39m
  [36m/>[39m

  --------------------------------------------------
  table:

  Name "Templates by position":
  [36m<table[39m
    [33maria-label[39m=[32m"Templates by position"[39m
  [36m/>[39m

  --------------------------------------------------
  rowgroup:

  Name "":
  [36m<thead />[39m

  Name "":
  [36m<tbody />[39m

  --------------------------------------------------
  row:

  Name "Position Weeks Days Lessons Questions Missing answers In use Status Actions":
  [36m<tr />[39m

  --------------------------------------------------
  columnheader:

  Name "Position":
  [36m<th />[39m

  Name "Weeks":
  [36m<th />[39m

  Name "Days":
  [36m<th />[39m

  Name "Lessons":
  [36m<th />[39m

  Name "Questions":
  [36m<th />[39m

  Name "Missing answers":
  [36m<th />[39m

  Name "In use":
  [36m<th />[39m

  Name "Status":
  [36m<th />[39m

  Name "Actions":
  [36m<th />[39m

  --------------------------------------------------

Ignored nodes: comments, script, style
[36m<body>[39m
  [36m<div>[39m
    [36m<div[39m
      [33mclass[39m=[32m"onboarding-v4"[39m
      [33mdata-theme-mode[39m=[32m"light"[39m
      [33mlang[39m=[32m"en"[39m
    [36m>[39m
      [36m<div[39m
        [33mclass[39m=[32m"v4-app"[39m
      [36m>[39m
        [36m<aside[39m
          [33maria-label[39m=[32m"Main navigation"[39m
          [33mclass[39m=[32m"v4-sidebar"[39m
        [36m>[39m
          [36m<div[39m
            [33mclass[39m=[32m"v4-brand"[39m
          [36m>[39m
            [36m<span[39m
              [33maria-hidden[39m=[32m"true"[39m
              [33mclass[39m=[32m"v4-brand-mark"[39m
            [36m/>[39m
            [36m<span>[39m
              [36m<strong>[39m
                [0mPrivOS Onboarding[0m
              [36m</strong>[39m
              [36m<small>[39m
                [0mLearning workspace[0m
              [36m</small>[39m
            [36m</span>[39m
          [36m</div>[39m
          [36m<div[39m
            [33mclass[39m=[32m"v4-nav-label"[39m
          [36m>[39m
            [0mAdministration[0m
          [36m</div>[39m
          [36m<nav[39m
            [33maria-label[39m=[32m"Main navigation"[39m
            [33mclass[39m=[32m"v4-nav"[39m
          [36m>[39m
            [36m<button[39m
              [33maria-label[39m=[32m"People"[39m
              [33mclass[39m=[32m"v4-nav-button"[39m
              [33mtype[39m=[32m"button"[39m
            [36m>[39m
              [36m<svg[39m
                [33maria-hidden[39m=[32m"true"[39m
                [33mclass[39m=[32m"v4-nav-icon"[39m
                [33mfill[39m=[32m"none"[39m
                [33mstroke[39m=[32m"currentColor"[39m
                [33mstroke-linecap[39m=[32m"round"[39m
                [33mstroke-linejoin[39m=[32m"round"[39m
                [33mstroke-width[39m=[32m"1.8"[39m
                [33mviewBox[39m=[32m"0 0 24 24"[39m
              [36m>[39m
                [36m<path[39m
                  [33md[39m=[32m"M16 21v-2a4 4 0 0 0-4-4H6a4 4 0 0 0-4 4v2"[39m
                [36m/>[39m
                [36m<circle[39m
                  [33mcx[39m=[32m"9"[39m
                  [33mcy[39m=[32m"7"[39m
                  [33mr[39m=[32m"4"[39m
                [36m/>[39m
                [36m<path[39m
                  [33md[39m=[32m"M22 21v-2a4 4 0 0 0-3-3.87M16 3.13a4 4 0 0 1 0 7.75"[39m
                [36m/>[39m
              [36m</svg>[39m
              [36m<span>[39m
                [0mPeople[0m
              [36m</span>[39m
            [36m</button>[39m
            [36m<button[39m
              [33maria-label[39m=[32m"New onboarding"[39m
              [33mclass[39m=[32m"v4-nav-button"[39m
              [33mtype[39m=[32m"button"[39m
            [36m>[39m
              [36m<svg[39m
                [33maria-hidden[39m=[32m"true"[39m
                [33mclass[39m=[32m"v4-nav-icon"[39m
                [33mfill[39m=[32m"none"[39m
                [33mstroke[39m=[32m"currentColor"[39m
                [33mstroke-linecap[39m=[32m"round"[39m
                [33mstroke-linejoin[39m=[32m"round"[39m
                [33mstroke-width[39m=[32m"1.8"[39m
                [33mviewBox[39m=[32m"0 0 24 24"[39m
              [36m>[39m
                [36m<path[39m
                  [33md[39m=[32m"M12 5v14M5 12h14"[39m
                [36m/>[39m
              [36m</svg>[39m
              [36m<span>[39m
                [0mNew onboarding[0m
              [36m</span>[39m
            [36m</button>[39m
            [36m<button[39m
              [33maria-current[39m=[32m"page"[39m
              [33maria-label[39m=[32m"Templates"[39m
              [33mclass[39m=[32m"v4-nav-button active"[39m
              [33mtype[39m=[32m"button"[39m
            [36m>[39m
              [36m<svg[39m
                [33maria-hidden[39m=[32m"true"[39m
                [33mclass[39m=[32m"v4-nav-icon"[39m
                [33mfill[39m=[32m"none"[39m
                [33mstroke[39m=[32m"currentColor"[39m
                [33mstroke-linecap[39m=[32m"round"[39m
                [33mstroke-linejoin[39m=[32m"round"[39m
                [33mstroke-width[39m=[32m"1.8"[39m
                [33mviewBox[39m=[32m"0 0 24 24"[39m
              [36m>[39m
                [36m<rect[39m
                  [33mheight[39m=[32m"18"[39m
                  [33mrx[39m=[32m"2"[39m
                  [33mwidth[39m=[32m"18"[39m
                  [33mx[39m=[32m"3"[39m
                  [33my[39m=[32m"3"[39m
                [36m/>[39m
                [36m<path[39m
                  [33md[39m=[32m"M3 9h18M9 21V9"[39m
                [36m/>[39m
              [36m</svg>[39m
              [36m<span>[39m
                [0mTemplates[0m
              [36m</span>[39m
            [36m</button>[39m
          [36m</nav>[39m
        [36m</aside>[39m
        [36m<div[39m
          [33mclass[39m=[32m"v4-shell"[39m
        [36m>[39m
          [36m<header[39m
            [33mclass[39m=[32m"v4-topbar"[39m
          [36m>[39m
            [36m<div[39m
              [33mclass[39m=[32m"v4-context"[39m
            [36m>[39m
              [36m<strong>[39m
                [0mTemplates[0m
              [36m</strong>[39m
              [36m<span>[39m
                [0mOnboarding[0m
              [36m</span>[39m
            [36m</div>[39m
            [36m<div[39m
              [33mclass[39m=[32m"v4-top-actions"[39m
            [36m>[39m
              [36m<div[39m
                [33maria-label[39m=[32m"Language"[39m
                [33mclass[39m=[32m"v4-language"[39m
                [33mrole[39m=[32m"group"[39m
              [36m>[39m
                [36m<button[39m
                  [33maria-pressed[39m=[32m"false"[39m
                  [33mclass[39m=[32m""[39m
                  [33mtype[39m=[32m"button"[39m
                [36m>[39m
                  [0mVI[0m
                [36m</button>[39m
                [36m<button[39m
                  [33maria-pressed[39m=[32m"true"[39m
                  [33mclass[39m=[32m"active"[39m
                  [33mtype[39m=[32m"button"[39m
                [36m>[39m
                  [0mEN[0m
                [36m</button>[39m
              [36m</div>[39m
              [36m<div[39m
                [33maria-label[39m=[32m"Appearance"[39m
                [33mclass[39m=[32m"v4-themes"[39m
                [33mrole[39m=[32m"group"[39m
              [36m>[39m
                [36m<button[39m
                  [33maria-label[39m=[32m"Light theme"[39m
                  [33maria-pressed[39m=[32m"true"[39m
                  [33mclass[39m=[32m"v4-theme-dot active"[39m
                  [33mdata-theme[39m=[32m"light"[39m
                  [33mtype[39m=[32m"button"[39m
                [36m/>[39m
                [36m<button[39m
                  [33maria-label[39m=[32m"Dark theme"[39m
                  [33maria-pressed[39m=[32m"false"[39m
                  [33mclass[39m=[32m"v4-theme-dot"[39m
                  [33mdata-theme[39m=[32m"dark"[39m
                  [33mtype[39m=[32m"button"[39m
                [36m/>[39m
                [36m<button[39m
                  [33maria-label[39m=[32m"Brand theme"[39m
                  [33maria-pressed[39m=[32m"false"[39m
                  [33mclass[39m=[32m"v4-theme-dot"[39m
                  [33mdata-theme[39m=[32m"brand"[39m
                  [33mtype[39m=[32m"button"[39m
                [36m/>[39m
              [36m</div>[39m
            [36m</div>[39m
          [36m</header>[39m
          [36m<main[39m
            [33mclass[39m=[32m"v4-main"[39m
          [36m>[39m
            [36m<section[39m
              [33maria-labelledby[39m=[32m"v4-positions-title"[39m
              [33mclass[39m=[32m"v4-screen"[39m
            [36m>[39m
              [36m<div[39m
                [33mclass[39m=[32m"v4-page-head"[39m
              [36m>[39m
                [36m<div>[39m
                  [36m<p[39m
                    [33mclass[39m=[32m"v4-eyebrow"[39m
                  [36m>[39m
                    [0mPosition templates[0m
                  [36m</p>[39m
                  [36m<h1[39m
                    [33mid[39m=[32m"v4-positions-title"[39m
                  [36m>[39m
                    [0mTemplates by position[0m
                  [36m</h1>[39m
                  [36m<p>[39m
                    [0mEach position has an onboarding template.[0m
                  [36m</p>[39m
                [36m</div>[39m
                [36m<button[39m
                  [33mclass[39m=[32m"v4-primary-button"[39m
                  [33mtype[39m=[32m"button"[39m
                [36m>[39m
                  [0mCreate template[0m
                [36m</button>[39m
              [36m</div>[39m
              [36m<div[39m
                [33mclass[39m=[32m"v4-toolbar"[39m
              [36m>[39m
                [36m<label[39m
                  [33mclass[39m=[32m"v4-search"[39m
                [36m>[39m
                  [36m<span[39m
                    [33mclass[39m=[32m"v4-visually-hidden"[39m
                  [36m>[39m
                    [0mSearch positions[0m
                  [36m</span>[39m
                  [36m<input[39m
                    [33mplaceholder[39m=[32m"Search positions"[39m
                    [33mvalue[39m=[32m""[39m
                  [36m/>[39m
                [36m</label>[39m
                [36m<label[39m
                  [33mclass[39m=[32m"v4-filter"[39m
                [36m>[39m
                  [36m<span[39m
                    [33mclass[39m=[32m"v4-visually-hidden"[39m
                  [36m>[39m
                    [0mFilter template status[0m
                  [36m</span>[39m
                  [36m<select>[39m
                    [36m<option[39m
                      [33mvalue[39m=[32m"all"[39m
                    [36m>[39m
                      [0mAll statuses[0m
                    [36m</option>[39m
                    [36m<option[39m
                      [33mvalue[39m=[32m"draft"[39m
                    [36m>[39m
                      [0mDraft[0m
                    [36m</option>[39m
                    [36m<option[39m
                      [33mvalue[39m=[32m"ready"[39m
                    [36m>[39m
                      [0mReady[0m
                    [36m</option>[39m
                    [36m<option[39m
                      [33mvalue[39m=[32m"disabled"[39m
                    [36m>[39m
                      [0mDisabled[0m
                    [36m</option>[39m
                  [36m</select>[39m
                [36m</label>[39m
                [36m<button[39m
                  [33mclass[39m=[32m"v4-secondary-button"[39m
                  [33mtype[39m=[32m"button"[39m
                [36m>[39m
                  [0mReset[0m
                [36m</button>[39m
              [36m</div>[39m
              [36m<p[39m
                [33maria-live[39m=[32m"polite"[39m
                [33mclass[39m=[32m"v4-list-meta"[39m
              [36m>[39m
                [0mShowing 0 positions · on this page[0m
              [36m</p>[39m
              [36m<div[39m
                [33maria-label[39m=[32m"Templates by position"[39m
                [33mclass[39m=[32m"v4-table-wrap"[39m
                [33mrole[39m=[32m"region"[39m
                [33mtabindex[39m=[32m"0"[39m
              [36m>[39m
                [36m<table[39m
                  [33maria-label[39m=[32m"Templates by position"[39m
                [36m>[39m
                  [36m<thead>[39m
                    [36m<tr>[39m
                      [36m<th>[39m
                        [0mPosition[0m
                      [36m</th>[39m
                      [36m<th>[39m
                        [0mWeeks[0m
                      [36m</th>[39m
                      [36m<th>[39m
                        [0mDays[0m
                      [36m</th>[39m
                      [36m<th>[39m
                        [0mLessons[0m
                      [36m</th>[39m
                      [36m<th>[39m
                        [0mQuestions[0m
                      [36m</th>[39m
                      [36m<th>[39m
                        [0mMissing answers[0m
                      [36m</th>[39m
                      [36m<th>[39m
                        [0mIn use[0m
                      [36m</th>[39m
                      [36m<th>[39m
                        [0mStatus[0m
                      [36m</th>[39m
                      [36m<th>[39m
                        [0mActions[0m
                      [36m</th>[39m
                    [36m</tr>[39m
                  [36m</thead>[39m
                  [36m<tbody />[39m
                [36m</table>[39m
                [36m<div[39m
                  [33mclass[39m=[32m"v4-table-state"[39m
                [36m>[39m
                  [36m<p>[39m
                    [0mNo matching positions.[0m
                  [36m</p>[39m
                [36m</div>[39m
              [36m</div>[39m
              [36m<div[39m
                [33mclass[39m=[32m"v4-pager"[39m
              [36m>[39m
                [36m<button[39m
                  [33mdisabled[39m=[32m""[39m
                  [33mtype[39m=[32m"button"[39m
                [36m>[39m
                  [0mPrevious[0m
                [36m</button>[39m
                [36m<button[39m
                  [33mdisabled[39m=[32m""[39m
                  [33mtype[39m=[32m"button"[39m
                [36m>[39m
                  [0mNext[0m
                [36m</button>[39m
              [36m</div>[39m
            [36m</section>[39m
          [36m</main>[39m
        [36m</div>[39m
      [36m</div>[39m
    [36m</div>[39m
  [36m</div>[39m
[36m</body>[39m
   × v4 room bootstrap surface > discards the old cursor and preserves the status filter after disabling a template 137ms
     → Unable to find an accessible element with the role "button" and name "Ready"

Here are the accessible roles:

  complementary:

  Name "Main navigation":
  [36m<aside[39m
    [33maria-label[39m=[32m"Main navigation"[39m
    [33mclass[39m=[32m"v4-sidebar"[39m
  [36m/>[39m

  --------------------------------------------------
  strong:

  Name "":
  [36m<strong />[39m

  Name "":
  [36m<strong />[39m

  Name "":
  [36m<strong />[39m

  --------------------------------------------------
  navigation:

  Name "Main navigation":
  [36m<nav[39m
    [33maria-label[39m=[32m"Main navigation"[39m
    [33mclass[39m=[32m"v4-nav"[39m
  [36m/>[39m

  --------------------------------------------------
  button:

  Name "People":
  [36m<button[39m
    [33maria-label[39m=[32m"People"[39m
    [33mclass[39m=[32m"v4-nav-button"[39m
    [33mtype[39m=[32m"button"[39m
  [36m/>[39m

  Name "New onboarding":
  [36m<button[39m
    [33maria-label[39m=[32m"New onboarding"[39m
    [33mclass[39m=[32m"v4-nav-button"[39m
    [33mtype[39m=[32m"button"[39m
  [36m/>[39m

  Name "Templates":
  [36m<button[39m
    [33maria-current[39m=[32m"page"[39m
    [33maria-label[39m=[32m"Templates"[39m
    [33mclass[39m=[32m"v4-nav-button active"[39m
    [33mtype[39m=[32m"button"[39m
  [36m/>[39m

  Name "VI":
  [36m<button[39m
    [33maria-pressed[39m=[32m"false"[39m
    [33mclass[39m=[32m""[39m
    [33mtype[39m=[32m"button"[39m
  [36m/>[39m

  Name "EN":
  [36m<button[39m
    [33maria-pressed[39m=[32m"true"[39m
    [33mclass[39m=[32m"active"[39m
    [33mtype[39m=[32m"button"[39m
  [36m/>[39m

  Name "Light theme":
  [36m<button[39m
    [33maria-label[39m=[32m"Light theme"[39m
    [33maria-pressed[39m=[32m"true"[39m
    [33mclass[39m=[32m"v4-theme-dot active"[39m
    [33mdata-theme[39m=[32m"light"[39m
    [33mtype[39m=[32m"button"[39m
  [36m/>[39m

  Name "Dark theme":
  [36m<button[39m
    [33maria-label[39m=[32m"Dark theme"[39m
    [33maria-pressed[39m=[32m"false"[39m
    [33mclass[39m=[32m"v4-theme-dot"[39m
    [33mdata-theme[39m=[32m"dark"[39m
    [33mtype[39m=[32m"button"[39m
  [36m/>[39m

  Name "Brand theme":
  [36m<button[39m
    [33maria-label[39m=[32m"Brand theme"[39m
    [33maria-pressed[39m=[32m"false"[39m
    [33mclass[39m=[32m"v4-theme-dot"[39m
    [33mdata-theme[39m=[32m"brand"[39m
    [33mtype[39m=[32m"button"[39m
  [36m/>[39m

  Name "Create template":
  [36m<button[39m
    [33mclass[39m=[32m"v4-primary-button"[39m
    [33mtype[39m=[32m"button"[39m
  [36m/>[39m

  Name "Reset":
  [36m<button[39m
    [33mclass[39m=[32m"v4-secondary-button"[39m
    [33mtype[39m=[32m"button"[39m
  [36m/>[39m

  Name "Open":
  [36m<button[39m
    [33mclass[39m=[32m"v4-row-button"[39m
    [33mtype[39m=[32m"button"[39m
  [36m/>[39m

  Name "Copy":
  [36m<button[39m
    [33mclass[39m=[32m"v4-row-button"[39m
    [33mtype[39m=[32m"button"[39m
  [36m/>[39m

  Name "Disable":
  [36m<button[39m
    [33mclass[39m=[32m"v4-row-button"[39m
    [33mtype[39m=[32m"button"[39m
  [36m/>[39m

  Name "Previous":
  [36m<button[39m
    [33mdisabled[39m=[32m""[39m
    [33mtype[39m=[32m"button"[39m
  [36m/>[39m

  Name "Next":
  [36m<button[39m
    [33mtype[39m=[32m"button"[39m
  [36m/>[39m

  --------------------------------------------------
  banner:

  Name "":
  [36m<header[39m
    [33mclass[39m=[32m"v4-topbar"[39m
  [36m/>[39m

  --------------------------------------------------
  group:

  Name "Language":
  [36m<div[39m
    [33maria-label[39m=[32m"Language"[39m
    [33mclass[39m=[32m"v4-language"[39m
    [33mrole[39m=[32m"group"[39m
  [36m/>[39m

  Name "Appearance":
  [36m<div[39m
    [33maria-label[39m=[32m"Appearance"[39m
    [33mclass[39m=[32m"v4-themes"[39m
    [33mrole[39m=[32m"group"[39m
  [36m/>[39m

  --------------------------------------------------
  main:

  Name "":
  [36m<main[39m
    [33mclass[39m=[32m"v4-main"[39m
  [36m/>[39m

  --------------------------------------------------
  region:

  Name "Templates by position":
  [36m<section[39m
    [33maria-labelledby[39m=[32m"v4-positions-title"[39m
    [33mclass[39m=[32m"v4-screen"[39m
  [36m/>[39m

  Name "Templates by position":
  [36m<div[39m
    [33maria-label[39m=[32m"Templates by position"[39m
    [33mclass[39m=[32m"v4-table-wrap"[39m
    [33mrole[39m=[32m"region"[39m
    [33mtabindex[39m=[32m"0"[39m
  [36m/>[39m

  --------------------------------------------------
  paragraph:

  Name "":
  [36m<p[39m
    [33mclass[39m=[32m"v4-eyebrow"[39m
  [36m/>[39m

  Name "":
  [36m<p />[39m

  Name "":
  [36m<p[39m
    [33maria-live[39m=[32m"polite"[39m
    [33mclass[39m=[32m"v4-list-meta"[39m
  [36m/>[39m

  --------------------------------------------------
  heading:

  Name "Templates by position":
  [36m<h1[39m
    [33mid[39m=[32m"v4-positions-title"[39m
  [36m/>[39m

  --------------------------------------------------
  textbox:

  Name "Search positions":
  [36m<input[39m
    [33mplaceholder[39m=[32m"Search positions"[39m
    [33mvalue[39m=[32m""[39m
  [36m/>[39m

  --------------------------------------------------
  combobox:

  Name "Filter template status":
  [36m<select />[39m

  --------------------------------------------------
  option:

  Name "All statuses":
  [36m<option[39m
    [33mvalue[39m=[32m"all"[39m
  [36m/>[39m

  Name "Draft":
  [36m<option[39m
    [33mvalue[39m=[32m"draft"[39m
  [36m/>[39m

  Name "Ready":
  [36m<option[39m
    [33mvalue[39m=[32m"ready"[39m
  [36m/>[39m

  Name "Disabled":
  [36m<option[39m
    [33mvalue[39m=[32m"disabled"[39m
  [36m/>[39m

  --------------------------------------------------
  table:

  Name "Templates by position":
  [36m<table[39m
    [33maria-label[39m=[32m"Templates by position"[39m
  [36m/>[39m

  --------------------------------------------------
  rowgroup:

  Name "":
  [36m<thead />[39m

  Name "":
  [36m<tbody />[39m

  --------------------------------------------------
  row:

  Name "Position Weeks Days Lessons Questions Missing answers In use Status Actions":
  [36m<tr />[39m

  Name "Engineering 1 1 1 0 0 0 Ready Open Copy Disable":
  [36m<tr />[39m

  --------------------------------------------------
  columnheader:

  Name "Position":
  [36m<th />[39m

  Name "Weeks":
  [36m<th />[39m

  Name "Days":
  [36m<th />[39m

  Name "Lessons":
  [36m<th />[39m

  Name "Questions":
  [36m<th />[39m

  Name "Missing answers":
  [36m<th />[39m

  Name "In use":
  [36m<th />[39m

  Name "Status":
  [36m<th />[39m

  Name "Actions":
  [36m<th />[39m

  --------------------------------------------------
  cell:

  Name "Engineering":
  [36m<td />[39m

  Name "1":
  [36m<td />[39m

  Name "1":
  [36m<td />[39m

  Name "1":
  [36m<td />[39m

  Name "0":
  [36m<td />[39m

  Name "0":
  [36m<td />[39m

  Name "0":
  [36m<td />[39m

  Name "Ready":
  [36m<td />[39m

  Name "Open Copy Disable":
  [36m<td />[39m

  --------------------------------------------------

Ignored nodes: comments, script, style
[36m<body>[39m
  [36m<div>[39m
    [36m<div[39m
      [33mclass[39m=[32m"onboarding-v4"[39m
      [33mdata-theme-mode[39m=[32m"light"[39m
      [33mlang[39m=[32m"en"[39m
    [36m>[39m
      [36m<div[39m
        [33mclass[39m=[32m"v4-app"[39m
      [36m>[39m
        [36m<aside[39m
          [33maria-label[39m=[32m"Main navigation"[39m
          [33mclass[39m=[32m"v4-sidebar"[39m
        [36m>[39m
          [36m<div[39m
            [33mclass[39m=[32m"v4-brand"[39m
          [36m>[39m
            [36m<span[39m
              [33maria-hidden[39m=[32m"true"[39m
              [33mclass[39m=[32m"v4-brand-mark"[39m
            [36m/>[39m
            [36m<span>[39m
              [36m<strong>[39m
                [0mPrivOS Onboarding[0m
              [36m</strong>[39m
              [36m<small>[39m
                [0mLearning workspace[0m
              [36m</small>[39m
            [36m</span>[39m
          [36m</div>[39m
          [36m<div[39m
            [33mclass[39m=[32m"v4-nav-label"[39m
          [36m>[39m
            [0mAdministration[0m
          [36m</div>[39m
          [36m<nav[39m
            [33maria-label[39m=[32m"Main navigation"[39m
            [33mclass[39m=[32m"v4-nav"[39m
          [36m>[39m
            [36m<button[39m
              [33maria-label[39m=[32m"People"[39m
              [33mclass[39m=[32m"v4-nav-button"[39m
              [33mtype[39m=[32m"button"[39m
            [36m>[39m
              [36m<svg[39m
                [33maria-hidden[39m=[32m"true"[39m
                [33mclass[39m=[32m"v4-nav-icon"[39m
                [33mfill[39m=[32m"none"[39m
                [33mstroke[39m=[32m"currentColor"[39m
                [33mstroke-linecap[39m=[32m"round"[39m
                [33mstroke-linejoin[39m=[32m"round"[39m
                [33mstroke-width[39m=[32m"1.8"[39m
                [33mviewBox[39m=[32m"0 0 24 24"[39m
              [36m>[39m
                [36m<path[39m
                  [33md[39m=[32m"M16 21v-2a4 4 0 0 0-4-4H6a4 4 0 0 0-4 4v2"[39m
                [36m/>[39m
                [36m<circle[39m
                  [33mcx[39m=[32m"9"[39m
                  [33mcy[39m=[32m"7"[39m
                  [33mr[39m=[32m"4"[39m
                [36m/>[39m
                [36m<path[39m
                  [33md[39m=[32m"M22 21v-2a4 4 0 0 0-3-3.87M16 3.13a4 4 0 0 1 0 7.75"[39m
                [36m/>[39m
              [36m</svg>[39m
              [36m<span>[39m
                [0mPeople[0m
              [36m</span>[39m
            [36m</button>[39m
            [36m<button[39m
              [33maria-label[39m=[32m"New onboarding"[39m
              [33mclass[39m=[32m"v4-nav-button"[39m
              [33mtype[39m=[32m"button"[39m
            [36m>[39m
              [36m<svg[39m
                [33maria-hidden[39m=[32m"true"[39m
                [33mclass[39m=[32m"v4-nav-icon"[39m
                [33mfill[39m=[32m"none"[39m
                [33mstroke[39m=[32m"currentColor"[39m
                [33mstroke-linecap[39m=[32m"round"[39m
                [33mstroke-linejoin[39m=[32m"round"[39m
                [33mstroke-width[39m=[32m"1.8"[39m
                [33mviewBox[39m=[32m"0 0 24 24"[39m
              [36m>[39m
                [36m<path[39m
                  [33md[39m=[32m"M12 5v14M5 12h14"[39m
                [36m/>[39m
              [36m</svg>[39m
              [36m<span>[39m
                [0mNew onboarding[0m
              [36m</span>[39m
            [36m</button>[39m
            [36m<button[39m
              [33maria-current[39m=[32m"page"[39m
              [33maria-label[39m=[32m"Templates"[39m
              [33mclass[39m=[32m"v4-nav-button active"[39m
              [33mtype[39m=[32m"button"[39m
            [36m>[39m
              [36m<svg[39m
                [33maria-hidden[39m=[32m"true"[39m
                [33mclass[39m=[32m"v4-nav-icon"[39m
                [33mfill[39m=[32m"none"[39m
                [33mstroke[39m=[32m"currentColor"[39m
                [33mstroke-linecap[39m=[32m"round"[39m
                [33mstroke-linejoin[39m=[32m"round"[39m
                [33mstroke-width[39m=[32m"1.8"[39m
                [33mviewBox[39m=[32m"0 0 24 24"[39m
              [36m>[39m
                [36m<rect[39m
                  [33mheight[39m=[32m"18"[39m
                  [33mrx[39m=[32m"2"[39m
                  [33mwidth[39m=[32m"18"[39m
                  [33mx[39m=[32m"3"[39m
                  [33my[39m=[32m"3"[39m
                [36m/>[39m
                [36m<path[39m
                  [33md[39m=[32m"M3 9h18M9 21V9"[39m
                [36m/>[39m
              [36m</svg>[39m
              [36m<span>[39m
                [0mTemplates[0m
              [36m</span>[39m
            [36m</button>[39m
          [36m</nav>[39m
        [36m</aside>[39m
        [36m<div[39m
          [33mclass[39m=[32m"v4-shell"[39m
        [36m>[39m
          [36m<header[39m
            [33mclass[39m=[32m"v4-topbar"[39m
          [36m>[39m
            [36m<div[39m
              [33mclass[39m=[32m"v4-context"[39m
            [36m>[39m
              [36m<strong>[39m
                [0mTemplates[0m
              [36m</strong>[39m
              [36m<span>[39m
                [0mOnboarding[0m
              [36m</span>[39m
            [36m</div>[39m
            [36m<div[39m
              [33mclass[39m=[32m"v4-top-actions"[39m
            [36m>[39m
              [36m<div[39m
                [33maria-label[39m=[32m"Language"[39m
                [33mclass[39m=[32m"v4-language"[39m
                [33mrole[39m=[32m"group"[39m
              [36m>[39m
                [36m<button[39m
                  [33maria-pressed[39m=[32m"false"[39m
                  [33mclass[39m=[32m""[39m
                  [33mtype[39m=[32m"button"[39m
                [36m>[39m
                  [0mVI[0m
                [36m</button>[39m
                [36m<button[39m
                  [33maria-pressed[39m=[32m"true"[39m
                  [33mclass[39m=[32m"active"[39m
                  [33mtype[39m=[32m"button"[39m
                [36m>[39m
                  [0mEN[0m
                [36m</button>[39m
              [36m</div>[39m
              [36m<div[39m
                [33maria-label[39m=[32m"Appearance"[39m
                [33mclass[39m=[32m"v4-themes"[39m
                [33mrole[39m=[32m"group"[39m
              [36m>[39m
                [36m<button[39m
                  [33maria-label[39m=[32m"Light theme"[39m
                  [33maria-pressed[39m=[32m"true"[39m
                  [33mclass[39m=[32m"v4-theme-dot active"[39m
                  [33mdata-theme[39m=[32m"light"[39m
                  [33mtype[39m=[32m"button"[39m
                [36m/>[39m
                [36m<button[39m
                  [33maria-label[39m=[32m"Dark theme"[39m
                  [33maria-pressed[39m=[32m"false"[39m
                  [33mclass[39m=[32m"v4-theme-dot"[39m
                  [33mdata-theme[39m=[32m"dark"[39m
                  [33mtype[39m=[32m"button"[39m
                [36m/>[39m
                [36m<button[39m
                  [33maria-label[39m=[32m"Brand theme"[39m
                  [33maria-pressed[39m=[32m"false"[39m
                  [33mclass[39m=[32m"v4-theme-dot"[39m
                  [33mdata-theme[39m=[32m"brand"[39m
                  [33mtype[39m=[32m"button"[39m
                [36m/>[39m
              [36m</div>[39m
            [36m</div>[39m
          [36m</header>[39m
          [36m<main[39m
            [33mclass[39m=[32m"v4-main"[39m
          [36m>[39m
            [36m<section[39m
              [33maria-labelledby[39m=[32m"v4-positions-title"[39m
              [33mclass[39m=[32m"v4-screen"[39m
            [36m>[39m
              [36m<div[39m
                [33mclass[39m=[32m"v4-page-head"[39m
              [36m>[39m
                [36m<div>[39m
                  [36m<p[39m
                    [33mclass[39m=[32m"v4-eyebrow"[39m
                  [36m>[39m
                    [0mPosition templates[0m
                  [36m</p>[39m
                  [36m<h1[39m
                    [33mid[39m=[32m"v4-positions-title"[39m
                  [36m>[39m
                    [0mTemplates by position[0m
                  [36m</h1>[39m
                  [36m<p>[39m
                    [0mEach position has an onboarding template.[0m
                  [36m</p>[39m
                [36m</div>[39m
                [36m<button[39m
                  [33mclass[39m=[32m"v4-primary-button"[39m
                  [33mtype[39m=[32m"button"[39m
                [36m>[39m
                  [0mCreate template[0m
                [36m</button>[39m
              [36m</div>[39m
              [36m<div[39m
                [33mclass[39m=[32m"v4-toolbar"[39m
              [36m>[39m
                [36m<label[39m
                  [33mclass[39m=[32m"v4-search"[39m
                [36m>[39m
                  [36m<span[39m
                    [33mclass[39m=[32m"v4-visually-hidden"[39m
                  [36m>[39m
                    [0mSearch positions[0m
                  [36m</span>[39m
                  [36m<input[39m
                    [33mplaceholder[39m=[32m"Search positions"[39m
                    [33mvalue[39m=[32m""[39m
                  [36m/>[39m
                [36m</label>[39m
                [36m<label[39m
                  [33mclass[39m=[32m"v4-filter"[39m
                [36m>[39m
                  [36m<span[39m
                    [33mclass[39m=[32m"v4-visually-hidden"[39m
                  [36m>[39m
                    [0mFilter template status[0m
                  [36m</span>[39m
                  [36m<select>[39m
                    [36m<option[39m
                      [33mvalue[39m=[32m"all"[39m
                    [36m>[39m
                      [0mAll statuses[0m
                    [36m</option>[39m
                    [36m<option[39m
                      [33mvalue[39m=[32m"draft"[39m
                    [36m>[39m
                      [0mDraft[0m
                    [36m</option>[39m
                    [36m<option[39m
                      [33mvalue[39m=[32m"ready"[39m
                    [36m>[39m
                      [0mReady[0m
                    [36m</option>[39m
                    [36m<option[39m
                      [33mvalue[39m=[32m"disabled"[39m
                    [36m>[39m
                      [0mDisabled[0m
                    [36m</option>[39m
                  [36m</select>[39m
                [36m</label>[39m
                [36m<button[39m
                  [33mclass[39m=[32m"v4-secondary-button"[39m
                  [33mtype[39m=[32m"button"[39m
                [36m>[39m
                  [0mReset[0m
                [36m</button>[39m
              [36m</div>[39m
              [36m<p[39m
                [33maria-live[39m=[32m"polite"[39m
                [33mclass[39m=[32m"v4-list-meta"[39m
              [36m>[39m
                [0mShowing 1 positions · on this page[0m
              [36m</p>[39m
              [36m<div[39m
                [33maria-label[39m=[32m"Templates by position"[39m
                [33mclass[39m=[32m"v4-table-wrap"[39m
                [33mrole[39m=[32m"region"[39m
                [33mtabindex[39m=[32m"0"[39m
              [36m>[39m
                [36m<table[39m
                  [33maria-label[39m=[32m"Templates by position"[39m
                [36m>[39m
                  [36m<thead>[39m
                    [36m<tr>[39m
                      [36m<th>[39m
                        [0mPosition[0m
                      [36m</th>[39m
                      [36m<th>[39m
                        [0mWeeks[0m
                      [36m</th>[39m
                      [36m<th>[39m
                        [0mDays[0m
                      [36m</th>[39m
                      [36m<th>[39m
                        [0mLessons[0m
                      [36m</th>[39m
                      [36m<th>[39m
                        [0mQuestions[0m
                      [36m</th>[39m
                      [36m<th>[39m
                        [0mMissing answers[0m
                      [36m</th>[39m
                      [36m<th>[39m
                        [0mIn use[0m
                      [36m</th>[39m
                      [36m<th>[39m
                        [0mStatus[0m
                      [36m</th>[39m
                      [36m<th>[39m
                        [0mActions[0m
                      [36m</th>[39m
                    [36m</tr>[39m
                  [36m</thead>[39m
                  [36m<tbody>[39m
                    [36m<tr>[39m
                      [36m<td>[39m
                        [36m<strong>[39m
                          [0mEngineering[0m
                        [36m</strong>[39m
                      [36m</td>[39m
                      [36m<td>[39m
                        [0m1[0m
                      [36m</td>[39m
                      [36m<td>[39m
                        [0m1[0m
                      [36m</td>[39m
                      [36m<td>[39m
                        [0m1[0m
                      [36m</td>[39m
                      [36m<td>[39m
                        [0m0[0m
                      [36m</td>[39m
                      [36m<td>[39m
                        [0m0[0m
                      [36m</td>[39m
                      [36m<td>[39m
                        [0m0[0m
                      [36m</td>[39m
                      [36m<td>[39m
                        [36m<span[39m
                          [33mclass[39m=[32m"v4-badge v4-badge-ready"[39m
                        [36m>[39m
                          [0mReady[0m
                        [36m</span>[39m
                      [36m</td>[39m
                      [36m<td>[39m
                        [36m<button[39m
                          [33mclass[39m=[32m"v4-row-button"[39m
                          [33mtype[39m=[32m"button"[39m
                        [36m>[39m
                          [0mOpen[0m
                        [36m</button>[39m
                        [36m<button[39m
                          [33mclass[39m=[32m"v4-row-button"[39m
                          [33mtype[39m=[32m"button"[39m
                        [36m>[39m
                          [0mCopy[0m
                        [36m</button>[39m
                        [36m<button[39m
                          [33mclass[39m=[32m"v4-row-button"[39m
                          [33mtype[39m=[32m"button"[39m
                        [36m>[39m
                          [0mDisable[0m
                        [36m</button>[39m
                      [36m</td>[39m
                    [36m</tr>[39m
                  [36m</tbody>[39m
                [36m</table>[39m
              [36m</div>[39m
              [36m<div[39m
                [33mclass[39m=[32m"v4-pager"[39m
              [36m>[39m
                [36m<button[39m
                  [33mdisabled[39m=[32m""[39m
                  [33mtype[39m=[32m"button"[39m
                [36m>[39m
                  [0mPrevious[0m
                [36m</button>[39m
                [36m<button[39m
                  [33mtype[39m=[32m"button"[39m
                [36m>[39m
                  [0mNext[0m
                [36m</button>[39m
              [36m</div>[39m
            [36m</section>[39m
          [36m</main>[39m
        [36m</div>[39m
      [36m</div>[39m
    [36m</div>[39m
  [36m</div>[39m
[36m</body>[39m
   × v4 room bootstrap surface > retains the selected hire and template filters while List setup is blocked 103ms
     → Unable to find an accessible element with the role "button" and name "Learning"

Here are the accessible roles:

  complementary:

  Name "Main navigation":
  [36m<aside[39m
    [33maria-label[39m=[32m"Main navigation"[39m
    [33mclass[39m=[32m"v4-sidebar"[39m
  [36m/>[39m

  --------------------------------------------------
  strong:

  Name "":
  [36m<strong />[39m

  Name "":
  [36m<strong />[39m

  Name "":
  [36m<strong />[39m

  Name "":
  [36m<strong />[39m

  Name "":
  [36m<strong />[39m

  Name "":
  [36m<strong />[39m

  --------------------------------------------------
  navigation:

  Name "Main navigation":
  [36m<nav[39m
    [33maria-label[39m=[32m"Main navigation"[39m
    [33mclass[39m=[32m"v4-nav"[39m
  [36m/>[39m

  --------------------------------------------------
  button:

  Name "People":
  [36m<button[39m
    [33maria-current[39m=[32m"page"[39m
    [33maria-label[39m=[32m"People"[39m
    [33mclass[39m=[32m"v4-nav-button active"[39m
    [33mtype[39m=[32m"button"[39m
  [36m/>[39m

  Name "New onboarding":
  [36m<button[39m
    [33maria-label[39m=[32m"New onboarding"[39m
    [33mclass[39m=[32m"v4-nav-button"[39m
    [33mtype[39m=[32m"button"[39m
  [36m/>[39m

  Name "Templates":
  [36m<button[39m
    [33maria-label[39m=[32m"Templates"[39m
    [33mclass[39m=[32m"v4-nav-button"[39m
    [33mtype[39m=[32m"button"[39m
  [36m/>[39m

  Name "VI":
  [36m<button[39m
    [33maria-pressed[39m=[32m"false"[39m
    [33mclass[39m=[32m""[39m
    [33mtype[39m=[32m"button"[39m
  [36m/>[39m

  Name "EN":
  [36m<button[39m
    [33maria-pressed[39m=[32m"true"[39m
    [33mclass[39m=[32m"active"[39m
    [33mtype[39m=[32m"button"[39m
  [36m/>[39m

  Name "Light theme":
  [36m<button[39m
    [33maria-label[39m=[32m"Light theme"[39m
    [33maria-pressed[39m=[32m"true"[39m
    [33mclass[39m=[32m"v4-theme-dot active"[39m
    [33mdata-theme[39m=[32m"light"[39m
    [33mtype[39m=[32m"button"[39m
  [36m/>[39m

  Name "Dark theme":
  [36m<button[39m
    [33maria-label[39m=[32m"Dark theme"[39m
    [33maria-pressed[39m=[32m"false"[39m
    [33mclass[39m=[32m"v4-theme-dot"[39m
    [33mdata-theme[39m=[32m"dark"[39m
    [33mtype[39m=[32m"button"[39m
  [36m/>[39m

  Name "Brand theme":
  [36m<button[39m
    [33maria-label[39m=[32m"Brand theme"[39m
    [33maria-pressed[39m=[32m"false"[39m
    [33mclass[39m=[32m"v4-theme-dot"[39m
    [33mdata-theme[39m=[32m"brand"[39m
    [33mtype[39m=[32m"button"[39m
  [36m/>[39m

  Name "Create onboarding":
  [36m<button[39m
    [33mclass[39m=[32m"v4-primary-button"[39m
    [33mdisabled[39m=[32m""[39m
    [33mtype[39m=[32m"button"[39m
  [36m/>[39m

  Name "Onboarding 0 On this page":
  [36m<button[39m
    [33maria-pressed[39m=[32m"false"[39m
    [33mclass[39m=[32m"v4-stat"[39m
    [33mtype[39m=[32m"button"[39m
  [36m/>[39m

  Name "Completed 0 On this page":
  [36m<button[39m
    [33maria-pressed[39m=[32m"false"[39m
    [33mclass[39m=[32m"v4-stat"[39m
    [33mtype[39m=[32m"button"[39m
  [36m/>[39m

  Name "Setting up 0 On this page":
  [36m<button[39m
    [33maria-pressed[39m=[32m"false"[39m
    [33mclass[39m=[32m"v4-stat"[39m
    [33mtype[39m=[32m"button"[39m
  [36m/>[39m

  Name "Needs attention 0 On this page":
  [36m<button[39m
    [33maria-pressed[39m=[32m"false"[39m
    [33mclass[39m=[32m"v4-stat"[39m
    [33mtype[39m=[32m"button"[39m
  [36m/>[39m

  Name "Reset":
  [36m<button[39m
    [33mclass[39m=[32m"v4-secondary-button"[39m
    [33mtype[39m=[32m"button"[39m
  [36m/>[39m

  Name "Previous":
  [36m<button[39m
    [33mdisabled[39m=[32m""[39m
    [33mtype[39m=[32m"button"[39m
  [36m/>[39m

  Name "Next":
  [36m<button[39m
    [33mdisabled[39m=[32m""[39m
    [33mtype[39m=[32m"button"[39m
  [36m/>[39m

  --------------------------------------------------
  banner:

  Name "":
  [36m<header[39m
    [33mclass[39m=[32m"v4-topbar"[39m
  [36m/>[39m

  --------------------------------------------------
  group:

  Name "Language":
  [36m<div[39m
    [33maria-label[39m=[32m"Language"[39m
    [33mclass[39m=[32m"v4-language"[39m
    [33mrole[39m=[32m"group"[39m
  [36m/>[39m

  Name "Appearance":
  [36m<div[39m
    [33maria-label[39m=[32m"Appearance"[39m
    [33mclass[39m=[32m"v4-themes"[39m
    [33mrole[39m=[32m"group"[39m
  [36m/>[39m

  --------------------------------------------------
  main:

  Name "":
  [36m<main[39m
    [33mclass[39m=[32m"v4-main"[39m
  [36m/>[39m

  --------------------------------------------------
  region:

  Name "Manage onboarding":
  [36m<section[39m
    [33maria-labelledby[39m=[32m"v4-hires-title"[39m
    [33mclass[39m=[32m"v4-screen"[39m
  [36m/>[39m

  Name "Employee":
  [36m<div[39m
    [33maria-label[39m=[32m"Employee"[39m
    [33mclass[39m=[32m"v4-table-wrap"[39m
    [33mrole[39m=[32m"region"[39m
    [33mtabindex[39m=[32m"0"[39m
  [36m/>[39m

  --------------------------------------------------
  paragraph:

  Name "":
  [36m<p[39m
    [33mclass[39m=[32m"v4-eyebrow"[39m
  [36m/>[39m

  Name "":
  [36m<p />[39m

  Name "":
  [36m<p[39m
    [33maria-live[39m=[32m"polite"[39m
    [33mclass[39m=[32m"v4-list-meta"[39m
  [36m/>[39m

  Name "":
  [36m<p />[39m

  --------------------------------------------------
  heading:

  Name "Manage onboarding":
  [36m<h1[39m
    [33mid[39m=[32m"v4-hires-title"[39m
  [36m/>[39m

  --------------------------------------------------
  textbox:

  Name "Search people":
  [36m<input[39m
    [33mplaceholder[39m=[32m"Search by name"[39m
    [33mvalue[39m=[32m""[39m
  [36m/>[39m

  --------------------------------------------------
  combobox:

  Name "Filter by position":
  [36m<input[39m
    [33maria-autocomplete[39m=[32m"list"[39m
    [33maria-controls[39m=[32m"v4-position-options"[39m
    [33maria-expanded[39m=[32m"false"[39m
    [33maria-label[39m=[32m"Filter by position"[39m
    [33mid[39m=[32m"v4-position-filter"[39m
    [33mplaceholder[39m=[32m"All positions"[39m
    [33mrole[39m=[32m"combobox"[39m
    [33mvalue[39m=[32m""[39m
  [36m/>[39m

  Name "Filter by status":
  [36m<select />[39m

  --------------------------------------------------
  option:

  Name "All statuses":
  [36m<option[39m
    [33mvalue[39m=[32m"all"[39m
  [36m/>[39m

  Name "Setting up":
  [36m<option[39m
    [33mvalue[39m=[32m"provisioning"[39m
  [36m/>[39m

  Name "Learning":
  [36m<option[39m
    [33mvalue[39m=[32m"learning"[39m
  [36m/>[39m

  Name "Completed":
  [36m<option[39m
    [33mvalue[39m=[32m"done"[39m
  [36m/>[39m

  Name "Setup failed":
  [36m<option[39m
    [33mvalue[39m=[32m"failed"[39m
  [36m/>[39m

  Name "Cancelled":
  [36m<option[39m
    [33mvalue[39m=[32m"cancelled"[39m
  [36m/>[39m

  --------------------------------------------------
  table:

  Name "Employee":
  [36m<table[39m
    [33maria-label[39m=[32m"Employee"[39m
  [36m/>[39m

  --------------------------------------------------
  rowgroup:

  Name "":
  [36m<thead />[39m

  Name "":
  [36m<tbody />[39m

  --------------------------------------------------
  row:

  Name "Employee Position Start date Roadmap progress Quiz scores Status Actions":
  [36m<tr />[39m

  --------------------------------------------------
  columnheader:

  Name "Employee":
  [36m<th />[39m

  Name "Position":
  [36m<th />[39m

  Name "Start date":
  [36m<th />[39m

  Name "Roadmap progress":
  [36m<th />[39m

  Name "Quiz scores":
  [36m<th />[39m

  Name "Status":
  [36m<th />[39m

  Name "Actions":
  [36m<th />[39m

  --------------------------------------------------
  alert:

  Name "":
  [36m<div[39m
    [33mclass[39m=[32m"v4-table-state v4-table-error"[39m
    [33mrole[39m=[32m"alert"[39m
  [36m/>[39m

  --------------------------------------------------

Ignored nodes: comments, script, style
[36m<body>[39m
  [36m<div>[39m
    [36m<div[39m
      [33mclass[39m=[32m"onboarding-v4"[39m
      [33mdata-theme-mode[39m=[32m"light"[39m
      [33mlang[39m=[32m"en"[39m
    [36m>[39m
      [36m<div[39m
        [33mclass[39m=[32m"v4-app"[39m
      [36m>[39m
        [36m<aside[39m
          [33maria-label[39m=[32m"Main navigation"[39m
          [33mclass[39m=[32m"v4-sidebar"[39m
        [36m>[39m
          [36m<div[39m
            [33mclass[39m=[32m"v4-brand"[39m
          [36m>[39m
            [36m<span[39m
              [33maria-hidden[39m=[32m"true"[39m
              [33mclass[39m=[32m"v4-brand-mark"[39m
            [36m/>[39m
            [36m<span>[39m
              [36m<strong>[39m
                [0mPrivOS Onboarding[0m
              [36m</strong>[39m
              [36m<small>[39m
                [0mLearning workspace[0m
              [36m</small>[39m
            [36m</span>[39m
          [36m</div>[39m
          [36m<div[39m
            [33mclass[39m=[32m"v4-nav-label"[39m
          [36m>[39m
            [0mAdministration[0m
          [36m</div>[39m
          [36m<nav[39m
            [33maria-label[39m=[32m"Main navigation"[39m
            [33mclass[39m=[32m"v4-nav"[39m
          [36m>[39m
            [36m<button[39m
              [33maria-current[39m=[32m"page"[39m
              [33maria-label[39m=[32m"People"[39m
              [33mclass[39m=[32m"v4-nav-button active"[39m
              [33mtype[39m=[32m"button"[39m
            [36m>[39m
              [36m<svg[39m
                [33maria-hidden[39m=[32m"true"[39m
                [33mclass[39m=[32m"v4-nav-icon"[39m
                [33mfill[39m=[32m"none"[39m
                [33mstroke[39m=[32m"currentColor"[39m
                [33mstroke-linecap[39m=[32m"round"[39m
                [33mstroke-linejoin[39m=[32m"round"[39m
                [33mstroke-width[39m=[32m"1.8"[39m
                [33mviewBox[39m=[32m"0 0 24 24"[39m
              [36m>[39m
                [36m<path[39m
                  [33md[39m=[32m"M16 21v-2a4 4 0 0 0-4-4H6a4 4 0 0 0-4 4v2"[39m
                [36m/>[39m
                [36m<circle[39m
                  [33mcx[39m=[32m"9"[39m
                  [33mcy[39m=[32m"7"[39m
                  [33mr[39m=[32m"4"[39m
                [36m/>[39m
                [36m<path[39m
                  [33md[39m=[32m"M22 21v-2a4 4 0 0 0-3-3.87M16 3.13a4 4 0 0 1 0 7.75"[39m
                [36m/>[39m
              [36m</svg>[39m
              [36m<span>[39m
                [0mPeople[0m
              [36m</span>[39m
            [36m</button>[39m
            [36m<button[39m
              [33maria-label[39m=[32m"New onboarding"[39m
              [33mclass[39m=[32m"v4-nav-button"[39m
              [33mtype[39m=[32m"button"[39m
            [36m>[39m
              [36m<svg[39m
                [33maria-hidden[39m=[32m"true"[39m
                [33mclass[39m=[32m"v4-nav-icon"[39m
                [33mfill[39m=[32m"none"[39m
                [33mstroke[39m=[32m"currentColor"[39m
                [33mstroke-linecap[39m=[32m"round"[39m
                [33mstroke-linejoin[39m=[32m"round"[39m
                [33mstroke-width[39m=[32m"1.8"[39m
                [33mviewBox[39m=[32m"0 0 24 24"[39m
              [36m>[39m
                [36m<path[39m
                  [33md[39m=[32m"M12 5v14M5 12h14"[39m
                [36m/>[39m
              [36m</svg>[39m
              [36m<span>[39m
                [0mNew onboarding[0m
              [36m</span>[39m
            [36m</button>[39m
            [36m<button[39m
              [33maria-label[39m=[32m"Templates"[39m
              [33mclass[39m=[32m"v4-nav-button"[39m
              [33mtype[39m=[32m"button"[39m
            [36m>[39m
              [36m<svg[39m
                [33maria-hidden[39m=[32m"true"[39m
                [33mclass[39m=[32m"v4-nav-icon"[39m
                [33mfill[39m=[32m"none"[39m
                [33mstroke[39m=[32m"currentColor"[39m
                [33mstroke-linecap[39m=[32m"round"[39m
                [33mstroke-linejoin[39m=[32m"round"[39m
                [33mstroke-width[39m=[32m"1.8"[39m
                [33mviewBox[39m=[32m"0 0 24 24"[39m
              [36m>[39m
                [36m<rect[39m
                  [33mheight[39m=[32m"18"[39m
                  [33mrx[39m=[32m"2"[39m
                  [33mwidth[39m=[32m"18"[39m
                  [33mx[39m=[32m"3"[39m
                  [33my[39m=[32m"3"[39m
                [36m/>[39m
                [36m<path[39m
                  [33md[39m=[32m"M3 9h18M9 21V9"[39m
                [36m/>[39m
              [36m</svg>[39m
              [36m<span>[39m
                [0mTemplates[0m
              [36m</span>[39m
            [36m</button>[39m
          [36m</nav>[39m
        [36m</aside>[39m
        [36m<div[39m
          [33mclass[39m=[32m"v4-shell"[39m
        [36m>[39m
          [36m<header[39m
            [33mclass[39m=[32m"v4-topbar"[39m
          [36m>[39m
            [36m<div[39m
              [33mclass[39m=[32m"v4-context"[39m
            [36m>[39m
              [36m<strong>[39m
                [0mPeople[0m
              [36m</strong>[39m
              [36m<span>[39m
                [0mOnboarding[0m
              [36m</span>[39m
            [36m</div>[39m
            [36m<div[39m
              [33mclass[39m=[32m"v4-top-actions"[39m
            [36m>[39m
              [36m<div[39m
                [33maria-label[39m=[32m"Language"[39m
                [33mclass[39m=[32m"v4-language"[39m
                [33mrole[39m=[32m"group"[39m
              [36m>[39m
                [36m<button[39m
                  [33maria-pressed[39m=[32m"false"[39m
                  [33mclass[39m=[32m""[39m
                  [33mtype[39m=[32m"button"[39m
                [36m>[39m
                  [0mVI[0m
                [36m</button>[39m
                [36m<button[39m
                  [33maria-pressed[39m=[32m"true"[39m
                  [33mclass[39m=[32m"active"[39m
                  [33mtype[39m=[32m"button"[39m
                [36m>[39m
                  [0mEN[0m
                [36m</button>[39m
              [36m</div>[39m
              [36m<div[39m
                [33maria-label[39m=[32m"Appearance"[39m
                [33mclass[39m=[32m"v4-themes"[39m
                [33mrole[39m=[32m"group"[39m
              [36m>[39m
                [36m<button[39m
                  [33maria-label[39m=[32m"Light theme"[39m
                  [33maria-pressed[39m=[32m"true"[39m
                  [33mclass[39m=[32m"v4-theme-dot active"[39m
                  [33mdata-theme[39m=[32m"light"[39m
                  [33mtype[39m=[32m"button"[39m
                [36m/>[39m
                [36m<button[39m
                  [33maria-label[39m=[32m"Dark theme"[39m
                  [33maria-pressed[39m=[32m"false"[39m
                  [33mclass[39m=[32m"v4-theme-dot"[39m
                  [33mdata-theme[39m=[32m"dark"[39m
                  [33mtype[39m=[32m"button"[39m
                [36m/>[39m
                [36m<button[39m
                  [33maria-label[39m=[32m"Brand theme"[39m
                  [33maria-pressed[39m=[32m"false"[39m
                  [33mclass[39m=[32m"v4-theme-dot"[39m
                  [33mdata-theme[39m=[32m"brand"[39m
                  [33mtype[39m=[32m"button"[39m
                [36m/>[39m
              [36m</div>[39m
            [36m</div>[39m
          [36m</header>[39m
          [36m<main[39m
            [33mclass[39m=[32m"v4-main"[39m
          [36m>[39m
            [36m<section[39m
              [33maria-labelledby[39m=[32m"v4-hires-title"[39m
              [33mclass[39m=[32m"v4-screen"[39m
            [36m>[39m
              [36m<div[39m
                [33mclass[39m=[32m"v4-page-head"[39m
              [36m>[39m
                [36m<div>[39m
                  [36m<p[39m
                    [33mclass[39m=[32m"v4-eyebrow"[39m
                  [36m>[39m
                    [0mOn this page[0m
                    [0m · [0m
                    [0m0[0m
                    [0m [0m
                    [0mprofiles[0m
                  [36m</p>[39m
                  [36m<h1[39m
                    [33mid[39m=[32m"v4-hires-title"[39m
                  [36m>[39m
                    [0mManage onboarding[0m
                  [36m</h1>[39m
                  [36m<p>[39m
                    [0mTrack employee progress and status in this room.[0m
                  [36m</p>[39m
                [36m</div>[39m
                [36m<button[39m
                  [33mclass[39m=[32m"v4-primary-button"[39m
                  [33mdisabled[39m=[32m""[39m
                  [33mtype[39m=[32m"button"[39m
                [36m>[39m
                  [0mCreate onboarding[0m
                [36m</button>[39m
              [36m</div>[39m
              [36m<div[39m
                [33maria-label[39m=[32m"On this page"[39m
                [33mclass[39m=[32m"v4-stats"[39m
              [36m>[39m
                [36m<button[39m
                  [33maria-pressed[39m=[32m"false"[39m
                  [33mclass[39m=[32m"v4-stat"[39m
                  [33mtype[39m=[32m"button"[39m
                [36m>[39m
                  [36m<span>[39m
                    [0mOnboarding[0m
                  [36m</span>[39m
                  [36m<strong>[39m
                    [0m0[0m
                  [36m</strong>[39m
                  [36m<small>[39m
                    [0mOn this page[0m
                  [36m</small>[39m
                [36m</button>[39m
                [36m<button[39m
                  [33maria-pressed[39m=[32m"false"[39m
                  [33mclass[39m=[32m"v4-stat"[39m
                  [33mtype[39m=[32m"button"[39m
                [36m>[39m
                  [36m<span>[39m
                    [0mCompleted[0m
                  [36m</span>[39m
                  [36m<strong>[39m
                    [0m0[0m
                  [36m</strong>[39m
                  [36m<small>[39m
                    [0mOn this page[0m
                  [36m</small>[39m
                [36m</button>[39m
                [36m<button[39m
                  [33maria-pressed[39m=[32m"false"[39m
                  [33mclass[39m=[32m"v4-stat"[39m
                  [33mtype[39m=[32m"button"[39m
                [36m>[39m
                  [36m<span>[39m
                    [0mSetting up[0m
                  [36m</span>[39m
                  [36m<strong>[39m
                    [0m0[0m
                  [36m</strong>[39m
                  [36m<small>[39m
                    [0mOn this page[0m
                  [36m</small>[39m
                [36m</button>[39m
                [36m<button[39m
                  [33maria-pressed[39m=[32m"false"[39m
                  [33mclass[39m=[32m"v4-stat"[39m
                  [33mtype[39m=[32m"button"[39m
                [36m>[39m
                  [36m<span>[39m
                    [0mNeeds attention[0m
                  [36m</span>[39m
                  [36m<strong>[39m
                    [0m0[0m
                  [36m</strong>[39m
                  [36m<small>[39m
                    [0mOn this page[0m
                  [36m</small>[39m
                [36m</button>[39m
              [36m</div>[39m
              [36m<div[39m
                [33mclass[39m=[32m"v4-toolbar v4-hires-toolbar"[39m
              [36m>[39m
                [36m<label[39m
                  [33mclass[39m=[32m"v4-search"[39m
                [36m>[39m
                  [36m<span[39m
                    [33mclass[39m=[32m"v4-visually-hidden"[39m
                  [36m>[39m
                    [0mSearch people[0m
                  [36m</span>[39m
                  [36m<input[39m
                    [33mplaceholder[39m=[32m"Search by name"[39m
                    [33mvalue[39m=[32m""[39m
                  [36m/>[39m
                [36m</label>[39m
                [36m<div[39m
                  [33mclass[39m=[32m"v4-position-typeahead"[39m
                [36m>[39m
                  [36m<label[39m
                    [33mclass[39m=[32m"v4-visually-hidden"[39m
                    [33mfor[39m=[32m"v4-position-filter"[39m
                  [36m>[39m
                    [0mFilter by position[0m
                  [36m</label>[39m
                  [36m<input[39m
                    [33maria-autocomplete[39m=[32m"list"[39m
                    [33maria-controls[39m=[32m"v4-position-options"[39m
                    [33maria-expanded[39m=[32m"false"[39m
                    [33maria-label[39m=[32m"Filter by position"[39m
                    [33mid[39m=[32m"v4-position-filter"[39m
                    [33mplaceholder[39m=[32m"All positions"[39m
                    [33mrole[39m=[32m"combobox"[39m
                    [33mvalue[39m=[32m""[39m
                  [36m/>[39m
                [36m</div>[39m
                [36m<label[39m
                  [33mclass[39m=[32m"v4-filter"[39m
                [36m>[39m
                  [36m<span[39m
                    [33mclass[39m=[32m"v4-visually-hidden"[39m
                  [36m>[39m
                    [0mFilter by status[0m
                  [36m</span>[39m
                  [36m<select>[39m
                    [36m<option[39m
                      [33mvalue[39m=[32m"all"[39m
                    [36m>[39m
                      [0mAll statuses[0m
                    [36m</option>[39m
                    [36m<option[39m
                      [33mvalue[39m=[32m"provisioning"[39m
                    [36m>[39m
                      [0mSetting up[0m
                    [36m</option>[39m
                    [36m<option[39m
                      [33mvalue[39m=[32m"learning"[39m
                    [36m>[39m
                      [0mLearning[0m
                    [36m</option>[39m
                    [36m<option[39m
                      [33mvalue[39m=[32m"done"[39m
                    [36m>[39m
                      [0mCompleted[0m
                    [36m</option>[39m
                    [36m<option[39m
                      [33mvalue[39m=[32m"failed"[39m
                    [36m>[39m
                      [0mSetup failed[0m
                    [36m</option>[39m
                    [36m<option[39m
                      [33mvalue[39m=[32m"cancelled"[39m
                    [36m>[39m
                      [0mCancelled[0m
                    [36m</option>[39m
                  [36m</select>[39m
                [36m</label>[39m
                [36m<button[39m
                  [33mclass[39m=[32m"v4-secondary-button"[39m
                  [33mtype[39m=[32m"button"[39m
                [36m>[39m
                  [0mReset[0m
                [36m</button>[39m
              [36m</div>[39m
              [36m<p[39m
                [33maria-live[39m=[32m"polite"[39m
                [33mclass[39m=[32m"v4-list-meta"[39m
              [36m>[39m
                [0mShowing 0 profiles · on this page[0m
              [36m</p>[39m
              [36m<div[39m
                [33maria-label[39m=[32m"Employee"[39m
                [33mclass[39m=[32m"v4-table-wrap"[39m
                [33mrole[39m=[32m"region"[39m
                [33mtabindex[39m=[32m"0"[39m
              [36m>[39m
                [36m<table[39m
                  [33maria-label[39m=[32m"Employee"[39m
                [36m>[39m
                  [36m<thead>[39m
                    [36m<tr>[39m
                      [36m<th>[39m
                        [0mEmployee[0m
                      [36m</th>[39m
                      [36m<th>[39m
                        [0mPosition[0m
                      [36m</th>[39m
                      [36m<th>[39m
                        [0mStart date[0m
                      [36m</th>[39m
                      [36m<th>[39m
                        [0mRoadmap progress[0m
                      [36m</th>[39m
                      [36m<th>[39m
                        [0mQuiz scores[0m
                      [36m</th>[39m
                      [36m<th>[39m
                        [0mStatus[0m
                      [36m</th>[39m
                      [36m<th>[39m
                        [0mActions[0m
                      [36m</th>[39m
                    [36m</tr>[39m
                  [36m</thead>[39m
                  [36m<tbody />[39m
                [36m</table>[39m
                [36m<div[39m
                  [33mclass[39m=[32m"v4-table-state v4-table-error"[39m
                  [33mrole[39m=[32m"alert"[39m
                [36m>[39m
                  [36m<p>[39m
                    [0mPrivOS did not create the required list stages.[0m
                  [36m</p>[39m
                [36m</div>[39m
              [36m</div>[39m
              [36m<div[39m
                [33mclass[39m=[32m"v4-pager"[39m
              [36m>[39m
                [36m<button[39m
                  [33mdisabled[39m=[32m""[39m
                  [33mtype[39m=[32m"button"[39m
                [36m>[39m
                  [0mPrevious[0m
                [36m</button>[39m
                [36m<button[39m
                  [33mdisabled[39m=[32m""[39m
                  [33mtype[39m=[32m"button"[39m
                [36m>[39m
                  [0mNext[0m
                [36m</button>[39m
              [36m</div>[39m
            [36m</section>[39m
          [36m</main>[39m
        [36m</div>[39m
      [36m</div>[39m
    [36m</div>[39m
  [36m</div>[39m
[36m</body>[39m
   × v4 room bootstrap surface > queries the selected status when the room Lists are ready 95ms
     → Unable to find an accessible element with the role "button" and name "Completed"

Here are the accessible roles:

  complementary:

  Name "Main navigation":
  [36m<aside[39m
    [33maria-label[39m=[32m"Main navigation"[39m
    [33mclass[39m=[32m"v4-sidebar"[39m
  [36m/>[39m

  --------------------------------------------------
  strong:

  Name "":
  [36m<strong />[39m

  Name "":
  [36m<strong />[39m

  Name "":
  [36m<strong />[39m

  Name "":
  [36m<strong />[39m

  Name "":
  [36m<strong />[39m

  Name "":
  [36m<strong />[39m

  --------------------------------------------------
  navigation:

  Name "Main navigation":
  [36m<nav[39m
    [33maria-label[39m=[32m"Main navigation"[39m
    [33mclass[39m=[32m"v4-nav"[39m
  [36m/>[39m

  --------------------------------------------------
  button:

  Name "People":
  [36m<button[39m
    [33maria-current[39m=[32m"page"[39m
    [33maria-label[39m=[32m"People"[39m
    [33mclass[39m=[32m"v4-nav-button active"[39m
    [33mtype[39m=[32m"button"[39m
  [36m/>[39m

  Name "New onboarding":
  [36m<button[39m
    [33maria-label[39m=[32m"New onboarding"[39m
    [33mclass[39m=[32m"v4-nav-button"[39m
    [33mtype[39m=[32m"button"[39m
  [36m/>[39m

  Name "Templates":
  [36m<button[39m
    [33maria-label[39m=[32m"Templates"[39m
    [33mclass[39m=[32m"v4-nav-button"[39m
    [33mtype[39m=[32m"button"[39m
  [36m/>[39m

  Name "VI":
  [36m<button[39m
    [33maria-pressed[39m=[32m"false"[39m
    [33mclass[39m=[32m""[39m
    [33mtype[39m=[32m"button"[39m
  [36m/>[39m

  Name "EN":
  [36m<button[39m
    [33maria-pressed[39m=[32m"true"[39m
    [33mclass[39m=[32m"active"[39m
    [33mtype[39m=[32m"button"[39m
  [36m/>[39m

  Name "Light theme":
  [36m<button[39m
    [33maria-label[39m=[32m"Light theme"[39m
    [33maria-pressed[39m=[32m"true"[39m
    [33mclass[39m=[32m"v4-theme-dot active"[39m
    [33mdata-theme[39m=[32m"light"[39m
    [33mtype[39m=[32m"button"[39m
  [36m/>[39m

  Name "Dark theme":
  [36m<button[39m
    [33maria-label[39m=[32m"Dark theme"[39m
    [33maria-pressed[39m=[32m"false"[39m
    [33mclass[39m=[32m"v4-theme-dot"[39m
    [33mdata-theme[39m=[32m"dark"[39m
    [33mtype[39m=[32m"button"[39m
  [36m/>[39m

  Name "Brand theme":
  [36m<button[39m
    [33maria-label[39m=[32m"Brand theme"[39m
    [33maria-pressed[39m=[32m"false"[39m
    [33mclass[39m=[32m"v4-theme-dot"[39m
    [33mdata-theme[39m=[32m"brand"[39m
    [33mtype[39m=[32m"button"[39m
  [36m/>[39m

  Name "Create onboarding":
  [36m<button[39m
    [33mclass[39m=[32m"v4-primary-button"[39m
    [33mtype[39m=[32m"button"[39m
  [36m/>[39m

  Name "Onboarding 0 On this page":
  [36m<button[39m
    [33maria-pressed[39m=[32m"false"[39m
    [33mclass[39m=[32m"v4-stat"[39m
    [33mtype[39m=[32m"button"[39m
  [36m/>[39m

  Name "Completed 0 On this page":
  [36m<button[39m
    [33maria-pressed[39m=[32m"false"[39m
    [33mclass[39m=[32m"v4-stat"[39m
    [33mtype[39m=[32m"button"[39m
  [36m/>[39m

  Name "Setting up 0 On this page":
  [36m<button[39m
    [33maria-pressed[39m=[32m"false"[39m
    [33mclass[39m=[32m"v4-stat"[39m
    [33mtype[39m=[32m"button"[39m
  [36m/>[39m

  Name "Needs attention 0 On this page":
  [36m<button[39m
    [33maria-pressed[39m=[32m"false"[39m
    [33mclass[39m=[32m"v4-stat"[39m
    [33mtype[39m=[32m"button"[39m
  [36m/>[39m

  Name "Reset":
  [36m<button[39m
    [33mclass[39m=[32m"v4-secondary-button"[39m
    [33mtype[39m=[32m"button"[39m
  [36m/>[39m

  Name "Previous":
  [36m<button[39m
    [33mdisabled[39m=[32m""[39m
    [33mtype[39m=[32m"button"[39m
  [36m/>[39m

  Name "Next":
  [36m<button[39m
    [33mdisabled[39m=[32m""[39m
    [33mtype[39m=[32m"button"[39m
  [36m/>[39m

  --------------------------------------------------
  banner:

  Name "":
  [36m<header[39m
    [33mclass[39m=[32m"v4-topbar"[39m
  [36m/>[39m

  --------------------------------------------------
  group:

  Name "Language":
  [36m<div[39m
    [33maria-label[39m=[32m"Language"[39m
    [33mclass[39m=[32m"v4-language"[39m
    [33mrole[39m=[32m"group"[39m
  [36m/>[39m

  Name "Appearance":
  [36m<div[39m
    [33maria-label[39m=[32m"Appearance"[39m
    [33mclass[39m=[32m"v4-themes"[39m
    [33mrole[39m=[32m"group"[39m
  [36m/>[39m

  --------------------------------------------------
  main:

  Name "":
  [36m<main[39m
    [33mclass[39m=[32m"v4-main"[39m
  [36m/>[39m

  --------------------------------------------------
  region:

  Name "Manage onboarding":
  [36m<section[39m
    [33maria-labelledby[39m=[32m"v4-hires-title"[39m
    [33mclass[39m=[32m"v4-screen"[39m
  [36m/>[39m

  Name "Employee":
  [36m<div[39m
    [33maria-label[39m=[32m"Employee"[39m
    [33mclass[39m=[32m"v4-table-wrap"[39m
    [33mrole[39m=[32m"region"[39m
    [33mtabindex[39m=[32m"0"[39m
  [36m/>[39m

  --------------------------------------------------
  paragraph:

  Name "":
  [36m<p[39m
    [33mclass[39m=[32m"v4-eyebrow"[39m
  [36m/>[39m

  Name "":
  [36m<p />[39m

  Name "":
  [36m<p[39m
    [33maria-live[39m=[32m"polite"[39m
    [33mclass[39m=[32m"v4-list-meta"[39m
  [36m/>[39m

  Name "":
  [36m<p />[39m

  --------------------------------------------------
  heading:

  Name "Manage onboarding":
  [36m<h1[39m
    [33mid[39m=[32m"v4-hires-title"[39m
  [36m/>[39m

  --------------------------------------------------
  textbox:

  Name "Search people":
  [36m<input[39m
    [33mplaceholder[39m=[32m"Search by name"[39m
    [33mvalue[39m=[32m""[39m
  [36m/>[39m

  --------------------------------------------------
  combobox:

  Name "Filter by position":
  [36m<input[39m
    [33maria-autocomplete[39m=[32m"list"[39m
    [33maria-controls[39m=[32m"v4-position-options"[39m
    [33maria-expanded[39m=[32m"false"[39m
    [33maria-label[39m=[32m"Filter by position"[39m
    [33mid[39m=[32m"v4-position-filter"[39m
    [33mplaceholder[39m=[32m"All positions"[39m
    [33mrole[39m=[32m"combobox"[39m
    [33mvalue[39m=[32m""[39m
  [36m/>[39m

  Name "Filter by status":
  [36m<select />[39m

  --------------------------------------------------
  option:

  Name "All statuses":
  [36m<option[39m
    [33mvalue[39m=[32m"all"[39m
  [36m/>[39m

  Name "Setting up":
  [36m<option[39m
    [33mvalue[39m=[32m"provisioning"[39m
  [36m/>[39m

  Name "Learning":
  [36m<option[39m
    [33mvalue[39m=[32m"learning"[39m
  [36m/>[39m

  Name "Completed":
  [36m<option[39m
    [33mvalue[39m=[32m"done"[39m
  [36m/>[39m

  Name "Setup failed":
  [36m<option[39m
    [33mvalue[39m=[32m"failed"[39m
  [36m/>[39m

  Name "Cancelled":
  [36m<option[39m
    [33mvalue[39m=[32m"cancelled"[39m
  [36m/>[39m

  --------------------------------------------------
  table:

  Name "Employee":
  [36m<table[39m
    [33maria-label[39m=[32m"Employee"[39m
  [36m/>[39m

  --------------------------------------------------
  rowgroup:

  Name "":
  [36m<thead />[39m

  Name "":
  [36m<tbody />[39m

  --------------------------------------------------
  row:

  Name "Employee Position Start date Roadmap progress Quiz scores Status Actions":
  [36m<tr />[39m

  --------------------------------------------------
  columnheader:

  Name "Employee":
  [36m<th />[39m

  Name "Position":
  [36m<th />[39m

  Name "Start date":
  [36m<th />[39m

  Name "Roadmap progress":
  [36m<th />[39m

  Name "Quiz scores":
  [36m<th />[39m

  Name "Status":
  [36m<th />[39m

  Name "Actions":
  [36m<th />[39m

  --------------------------------------------------

Ignored nodes: comments, script, style
[36m<body>[39m
  [36m<div>[39m
    [36m<div[39m
      [33mclass[39m=[32m"onboarding-v4"[39m
      [33mdata-theme-mode[39m=[32m"light"[39m
      [33mlang[39m=[32m"en"[39m
    [36m>[39m
      [36m<div[39m
        [33mclass[39m=[32m"v4-app"[39m
      [36m>[39m
        [36m<aside[39m
          [33maria-label[39m=[32m"Main navigation"[39m
          [33mclass[39m=[32m"v4-sidebar"[39m
        [36m>[39m
          [36m<div[39m
            [33mclass[39m=[32m"v4-brand"[39m
          [36m>[39m
            [36m<span[39m
              [33maria-hidden[39m=[32m"true"[39m
              [33mclass[39m=[32m"v4-brand-mark"[39m
            [36m/>[39m
            [36m<span>[39m
              [36m<strong>[39m
                [0mPrivOS Onboarding[0m
              [36m</strong>[39m
              [36m<small>[39m
                [0mLearning workspace[0m
              [36m</small>[39m
            [36m</span>[39m
          [36m</div>[39m
          [36m<div[39m
            [33mclass[39m=[32m"v4-nav-label"[39m
          [36m>[39m
            [0mAdministration[0m
          [36m</div>[39m
          [36m<nav[39m
            [33maria-label[39m=[32m"Main navigation"[39m
            [33mclass[39m=[32m"v4-nav"[39m
          [36m>[39m
            [36m<button[39m
              [33maria-current[39m=[32m"page"[39m
              [33maria-label[39m=[32m"People"[39m
              [33mclass[39m=[32m"v4-nav-button active"[39m
              [33mtype[39m=[32m"button"[39m
            [36m>[39m
              [36m<svg[39m
                [33maria-hidden[39m=[32m"true"[39m
                [33mclass[39m=[32m"v4-nav-icon"[39m
                [33mfill[39m=[32m"none"[39m
                [33mstroke[39m=[32m"currentColor"[39m
                [33mstroke-linecap[39m=[32m"round"[39m
                [33mstroke-linejoin[39m=[32m"round"[39m
                [33mstroke-width[39m=[32m"1.8"[39m
                [33mviewBox[39m=[32m"0 0 24 24"[39m
              [36m>[39m
                [36m<path[39m
                  [33md[39m=[32m"M16 21v-2a4 4 0 0 0-4-4H6a4 4 0 0 0-4 4v2"[39m
                [36m/>[39m
                [36m<circle[39m
                  [33mcx[39m=[32m"9"[39m
                  [33mcy[39m=[32m"7"[39m
                  [33mr[39m=[32m"4"[39m
                [36m/>[39m
                [36m<path[39m
                  [33md[39m=[32m"M22 21v-2a4 4 0 0 0-3-3.87M16 3.13a4 4 0 0 1 0 7.75"[39m
                [36m/>[39m
              [36m</svg>[39m
              [36m<span>[39m
                [0mPeople[0m
              [36m</span>[39m
            [36m</button>[39m
            [36m<button[39m
              [33maria-label[39m=[32m"New onboarding"[39m
              [33mclass[39m=[32m"v4-nav-button"[39m
              [33mtype[39m=[32m"button"[39m
            [36m>[39m
              [36m<svg[39m
                [33maria-hidden[39m=[32m"true"[39m
                [33mclass[39m=[32m"v4-nav-icon"[39m
                [33mfill[39m=[32m"none"[39m
                [33mstroke[39m=[32m"currentColor"[39m
                [33mstroke-linecap[39m=[32m"round"[39m
                [33mstroke-linejoin[39m=[32m"round"[39m
                [33mstroke-width[39m=[32m"1.8"[39m
                [33mviewBox[39m=[32m"0 0 24 24"[39m
              [36m>[39m
                [36m<path[39m
                  [33md[39m=[32m"M12 5v14M5 12h14"[39m
                [36m/>[39m
              [36m</svg>[39m
              [36m<span>[39m
                [0mNew onboarding[0m
              [36m</span>[39m
            [36m</button>[39m
            [36m<button[39m
              [33maria-label[39m=[32m"Templates"[39m
              [33mclass[39m=[32m"v4-nav-button"[39m
              [33mtype[39m=[32m"button"[39m
            [36m>[39m
              [36m<svg[39m
                [33maria-hidden[39m=[32m"true"[39m
                [33mclass[39m=[32m"v4-nav-icon"[39m
                [33mfill[39m=[32m"none"[39m
                [33mstroke[39m=[32m"currentColor"[39m
                [33mstroke-linecap[39m=[32m"round"[39m
                [33mstroke-linejoin[39m=[32m"round"[39m
                [33mstroke-width[39m=[32m"1.8"[39m
                [33mviewBox[39m=[32m"0 0 24 24"[39m
              [36m>[39m
                [36m<rect[39m
                  [33mheight[39m=[32m"18"[39m
                  [33mrx[39m=[32m"2"[39m
                  [33mwidth[39m=[32m"18"[39m
                  [33mx[39m=[32m"3"[39m
                  [33my[39m=[32m"3"[39m
                [36m/>[39m
                [36m<path[39m
                  [33md[39m=[32m"M3 9h18M9 21V9"[39m
                [36m/>[39m
              [36m</svg>[39m
              [36m<span>[39m
                [0mTemplates[0m
              [36m</span>[39m
            [36m</button>[39m
          [36m</nav>[39m
        [36m</aside>[39m
        [36m<div[39m
          [33mclass[39m=[32m"v4-shell"[39m
        [36m>[39m
          [36m<header[39m
            [33mclass[39m=[32m"v4-topbar"[39m
          [36m>[39m
            [36m<div[39m
              [33mclass[39m=[32m"v4-context"[39m
            [36m>[39m
              [36m<strong>[39m
                [0mPeople[0m
              [36m</strong>[39m
              [36m<span>[39m
                [0mOnboarding[0m
              [36m</span>[39m
            [36m</div>[39m
            [36m<div[39m
              [33mclass[39m=[32m"v4-top-actions"[39m
            [36m>[39m
              [36m<div[39m
                [33maria-label[39m=[32m"Language"[39m
                [33mclass[39m=[32m"v4-language"[39m
                [33mrole[39m=[32m"group"[39m
              [36m>[39m
                [36m<button[39m
                  [33maria-pressed[39m=[32m"false"[39m
                  [33mclass[39m=[32m""[39m
                  [33mtype[39m=[32m"button"[39m
                [36m>[39m
                  [0mVI[0m
                [36m</button>[39m
                [36m<button[39m
                  [33maria-pressed[39m=[32m"true"[39m
                  [33mclass[39m=[32m"active"[39m
                  [33mtype[39m=[32m"button"[39m
                [36m>[39m
                  [0mEN[0m
                [36m</button>[39m
              [36m</div>[39m
              [36m<div[39m
                [33maria-label[39m=[32m"Appearance"[39m
                [33mclass[39m=[32m"v4-themes"[39m
                [33mrole[39m=[32m"group"[39m
              [36m>[39m
                [36m<button[39m
                  [33maria-label[39m=[32m"Light theme"[39m
                  [33maria-pressed[39m=[32m"true"[39m
                  [33mclass[39m=[32m"v4-theme-dot active"[39m
                  [33mdata-theme[39m=[32m"light"[39m
                  [33mtype[39m=[32m"button"[39m
                [36m/>[39m
                [36m<button[39m
                  [33maria-label[39m=[32m"Dark theme"[39m
                  [33maria-pressed[39m=[32m"false"[39m
                  [33mclass[39m=[32m"v4-theme-dot"[39m
                  [33mdata-theme[39m=[32m"dark"[39m
                  [33mtype[39m=[32m"button"[39m
                [36m/>[39m
                [36m<button[39m
                  [33maria-label[39m=[32m"Brand theme"[39m
                  [33maria-pressed[39m=[32m"false"[39m
                  [33mclass[39m=[32m"v4-theme-dot"[39m
                  [33mdata-theme[39m=[32m"brand"[39m
                  [33mtype[39m=[32m"button"[39m
                [36m/>[39m
              [36m</div>[39m
            [36m</div>[39m
          [36m</header>[39m
          [36m<main[39m
            [33mclass[39m=[32m"v4-main"[39m
          [36m>[39m
            [36m<section[39m
              [33maria-labelledby[39m=[32m"v4-hires-title"[39m
              [33mclass[39m=[32m"v4-screen"[39m
            [36m>[39m
              [36m<div[39m
                [33mclass[39m=[32m"v4-page-head"[39m
              [36m>[39m
                [36m<div>[39m
                  [36m<p[39m
                    [33mclass[39m=[32m"v4-eyebrow"[39m
                  [36m>[39m
                    [0mOn this page[0m
                    [0m · [0m
                    [0m0[0m
                    [0m [0m
                    [0mprofiles[0m
                  [36m</p>[39m
                  [36m<h1[39m
                    [33mid[39m=[32m"v4-hires-title"[39m
                  [36m>[39m
                    [0mManage onboarding[0m
                  [36m</h1>[39m
                  [36m<p>[39m
                    [0mTrack employee progress and status in this room.[0m
                  [36m</p>[39m
                [36m</div>[39m
                [36m<button[39m
                  [33mclass[39m=[32m"v4-primary-button"[39m
                  [33mtype[39m=[32m"button"[39m
                [36m>[39m
                  [0mCreate onboarding[0m
                [36m</button>[39m
              [36m</div>[39m
              [36m<div[39m
                [33maria-label[39m=[32m"On this page"[39m
                [33mclass[39m=[32m"v4-stats"[39m
              [36m>[39m
                [36m<button[39m
                  [33maria-pressed[39m=[32m"false"[39m
                  [33mclass[39m=[32m"v4-stat"[39m
                  [33mtype[39m=[32m"button"[39m
                [36m>[39m
                  [36m<span>[39m
                    [0mOnboarding[0m
                  [36m</span>[39m
                  [36m<strong>[39m
                    [0m0[0m
                  [36m</strong>[39m
                  [36m<small>[39m
                    [0mOn this page[0m
                  [36m</small>[39m
                [36m</button>[39m
                [36m<button[39m
                  [33maria-pressed[39m=[32m"false"[39m
                  [33mclass[39m=[32m"v4-stat"[39m
                  [33mtype[39m=[32m"button"[39m
                [36m>[39m
                  [36m<span>[39m
                    [0mCompleted[0m
                  [36m</span>[39m
                  [36m<strong>[39m
                    [0m0[0m
                  [36m</strong>[39m
                  [36m<small>[39m
                    [0mOn this page[0m
                  [36m</small>[39m
                [36m</button>[39m
                [36m<button[39m
                  [33maria-pressed[39m=[32m"false"[39m
                  [33mclass[39m=[32m"v4-stat"[39m
                  [33mtype[39m=[32m"button"[39m
                [36m>[39m
                  [36m<span>[39m
                    [0mSetting up[0m
                  [36m</span>[39m
                  [36m<strong>[39m
                    [0m0[0m
                  [36m</strong>[39m
                  [36m<small>[39m
                    [0mOn this page[0m
                  [36m</small>[39m
                [36m</button>[39m
                [36m<button[39m
                  [33maria-pressed[39m=[32m"false"[39m
                  [33mclass[39m=[32m"v4-stat"[39m
                  [33mtype[39m=[32m"button"[39m
                [36m>[39m
                  [36m<span>[39m
                    [0mNeeds attention[0m
                  [36m</span>[39m
                  [36m<strong>[39m
                    [0m0[0m
                  [36m</strong>[39m
                  [36m<small>[39m
                    [0mOn this page[0m
                  [36m</small>[39m
                [36m</button>[39m
              [36m</div>[39m
              [36m<div[39m
                [33mclass[39m=[32m"v4-toolbar v4-hires-toolbar"[39m
              [36m>[39m
                [36m<label[39m
                  [33mclass[39m=[32m"v4-search"[39m
                [36m>[39m
                  [36m<span[39m
                    [33mclass[39m=[32m"v4-visually-hidden"[39m
                  [36m>[39m
                    [0mSearch people[0m
                  [36m</span>[39m
                  [36m<input[39m
                    [33mplaceholder[39m=[32m"Search by name"[39m
                    [33mvalue[39m=[32m""[39m
                  [36m/>[39m
                [36m</label>[39m
                [36m<div[39m
                  [33mclass[39m=[32m"v4-position-typeahead"[39m
                [36m>[39m
                  [36m<label[39m
                    [33mclass[39m=[32m"v4-visually-hidden"[39m
                    [33mfor[39m=[32m"v4-position-filter"[39m
                  [36m>[39m
                    [0mFilter by position[0m
                  [36m</label>[39m
                  [36m<input[39m
                    [33maria-autocomplete[39m=[32m"list"[39m
                    [33maria-controls[39m=[32m"v4-position-options"[39m
                    [33maria-expanded[39m=[32m"false"[39m
                    [33maria-label[39m=[32m"Filter by position"[39m
                    [33mid[39m=[32m"v4-position-filter"[39m
                    [33mplaceholder[39m=[32m"All positions"[39m
                    [33mrole[39m=[32m"combobox"[39m
                    [33mvalue[39m=[32m""[39m
                  [36m/>[39m
                [36m</div>[39m
                [36m<label[39m
                  [33mclass[39m=[32m"v4-filter"[39m
                [36m>[39m
                  [36m<span[39m
                    [33mclass[39m=[32m"v4-visually-hidden"[39m
                  [36m>[39m
                    [0mFilter by status[0m
                  [36m</span>[39m
                  [36m<select>[39m
                    [36m<option[39m
                      [33mvalue[39m=[32m"all"[39m
                    [36m>[39m
                      [0mAll statuses[0m
                    [36m</option>[39m
                    [36m<option[39m
                      [33mvalue[39m=[32m"provisioning"[39m
                    [36m>[39m
                      [0mSetting up[0m
                    [36m</option>[39m
                    [36m<option[39m
                      [33mvalue[39m=[32m"learning"[39m
                    [36m>[39m
                      [0mLearning[0m
                    [36m</option>[39m
                    [36m<option[39m
                      [33mvalue[39m=[32m"done"[39m
                    [36m>[39m
                      [0mCompleted[0m
                    [36m</option>[39m
                    [36m<option[39m
                      [33mvalue[39m=[32m"failed"[39m
                    [36m>[39m
                      [0mSetup failed[0m
                    [36m</option>[39m
                    [36m<option[39m
                      [33mvalue[39m=[32m"cancelled"[39m
                    [36m>[39m
                      [0mCancelled[0m
                    [36m</option>[39m
                  [36m</select>[39m
                [36m</label>[39m
                [36m<button[39m
                  [33mclass[39m=[32m"v4-secondary-button"[39m
                  [33mtype[39m=[32m"button"[39m
                [36m>[39m
                  [0mReset[0m
                [36m</button>[39m
              [36m</div>[39m
              [36m<p[39m
                [33maria-live[39m=[32m"polite"[39m
                [33mclass[39m=[32m"v4-list-meta"[39m
              [36m>[39m
                [0mShowing 0 profiles · on this page[0m
              [36m</p>[39m
              [36m<div[39m
                [33maria-label[39m=[32m"Employee"[39m
                [33mclass[39m=[32m"v4-table-wrap"[39m
                [33mrole[39m=[32m"region"[39m
                [33mtabindex[39m=[32m"0"[39m
              [36m>[39m
                [36m<table[39m
                  [33maria-label[39m=[32m"Employee"[39m
                [36m>[39m
                  [36m<thead>[39m
                    [36m<tr>[39m
                      [36m<th>[39m
                        [0mEmployee[0m
                      [36m</th>[39m
                      [36m<th>[39m
                        [0mPosition[0m
                      [36m</th>[39m
                      [36m<th>[39m
                        [0mStart date[0m
                      [36m</th>[39m
                      [36m<th>[39m
                        [0mRoadmap progress[0m
                      [36m</th>[39m
                      [36m<th>[39m
                        [0mQuiz scores[0m
                      [36m</th>[39m
                      [36m<th>[39m
                        [0mStatus[0m
                      [36m</th>[39m
                      [36m<th>[39m
                        [0mActions[0m
                      [36m</th>[39m
                    [36m</tr>[39m
                  [36m</thead>[39m
                  [36m<tbody />[39m
                [36m</table>[39m
                [36m<div[39m
                  [33mclass[39m=[32m"v4-table-state"[39m
                [36m>[39m
                  [36m<p>[39m
                    [0mNo matching profiles.[0m
                  [36m</p>[39m
                [36m</div>[39m
              [36m</div>[39m
              [36m<div[39m
                [33mclass[39m=[32m"v4-pager"[39m
              [36m>[39m
                [36m<button[39m
                  [33mdisabled[39m=[32m""[39m
                  [33mtype[39m=[32m"button"[39m
                [36m>[39m
                  [0mPrevious[0m
                [36m</button>[39m
                [36m<button[39m
                  [33mdisabled[39m=[32m""[39m
                  [33mtype[39m=[32m"button"[39m
                [36m>[39m
                  [0mNext[0m
                [36m</button>[39m
              [36m</div>[39m
            [36m</section>[39m
          [36m</main>[39m
        [36m</div>[39m
      [36m</div>[39m
    [36m</div>[39m
  [36m</div>[39m
[36m</body>[39m
   × v4 room bootstrap surface > keeps hire name and status filters when switching tabs 164ms
     → Unable to find an accessible element with the role "button" and name "Learning"

Here are the accessible roles:

  complementary:

  Name "Main navigation":
  [36m<aside[39m
    [33maria-label[39m=[32m"Main navigation"[39m
    [33mclass[39m=[32m"v4-sidebar"[39m
  [36m/>[39m

  --------------------------------------------------
  strong:

  Name "":
  [36m<strong />[39m

  Name "":
  [36m<strong />[39m

  Name "":
  [36m<strong />[39m

  Name "":
  [36m<strong />[39m

  Name "":
  [36m<strong />[39m

  Name "":
  [36m<strong />[39m

  Name "":
  [36m<strong />[39m

  Name "":
  [36m<strong />[39m

  Name "":
  [36m<strong />[39m

  Name "":
  [36m<strong />[39m

  Name "":
  [36m<strong />[39m

  Name "":
  [36m<strong />[39m

  --------------------------------------------------
  navigation:

  Name "Main navigation":
  [36m<nav[39m
    [33maria-label[39m=[32m"Main navigation"[39m
    [33mclass[39m=[32m"v4-nav"[39m
  [36m/>[39m

  --------------------------------------------------
  button:

  Name "People":
  [36m<button[39m
    [33maria-current[39m=[32m"page"[39m
    [33maria-label[39m=[32m"People"[39m
    [33mclass[39m=[32m"v4-nav-button active"[39m
    [33mtype[39m=[32m"button"[39m
  [36m/>[39m

  Name "New onboarding":
  [36m<button[39m
    [33maria-label[39m=[32m"New onboarding"[39m
    [33mclass[39m=[32m"v4-nav-button"[39m
    [33mtype[39m=[32m"button"[39m
  [36m/>[39m

  Name "Templates":
  [36m<button[39m
    [33maria-label[39m=[32m"Templates"[39m
    [33mclass[39m=[32m"v4-nav-button"[39m
    [33mtype[39m=[32m"button"[39m
  [36m/>[39m

  Name "VI":
  [36m<button[39m
    [33maria-pressed[39m=[32m"false"[39m
    [33mclass[39m=[32m""[39m
    [33mtype[39m=[32m"button"[39m
  [36m/>[39m

  Name "EN":
  [36m<button[39m
    [33maria-pressed[39m=[32m"true"[39m
    [33mclass[39m=[32m"active"[39m
    [33mtype[39m=[32m"button"[39m
  [36m/>[39m

  Name "Light theme":
  [36m<button[39m
    [33maria-label[39m=[32m"Light theme"[39m
    [33maria-pressed[39m=[32m"true"[39m
    [33mclass[39m=[32m"v4-theme-dot active"[39m
    [33mdata-theme[39m=[32m"light"[39m
    [33mtype[39m=[32m"button"[39m
  [36m/>[39m

  Name "Dark theme":
  [36m<button[39m
    [33maria-label[39m=[32m"Dark theme"[39m
    [33maria-pressed[39m=[32m"false"[39m
    [33mclass[39m=[32m"v4-theme-dot"[39m
    [33mdata-theme[39m=[32m"dark"[39m
    [33mtype[39m=[32m"button"[39m
  [36m/>[39m

  Name "Brand theme":
  [36m<button[39m
    [33maria-label[39m=[32m"Brand theme"[39m
    [33maria-pressed[39m=[32m"false"[39m
    [33mclass[39m=[32m"v4-theme-dot"[39m
    [33mdata-theme[39m=[32m"brand"[39m
    [33mtype[39m=[32m"button"[39m
  [36m/>[39m

  Name "Create onboarding":
  [36m<button[39m
    [33mclass[39m=[32m"v4-primary-button"[39m
    [33mtype[39m=[32m"button"[39m
  [36m/>[39m

  Name "Onboarding 1 On this page":
  [36m<button[39m
    [33maria-pressed[39m=[32m"false"[39m
    [33mclass[39m=[32m"v4-stat"[39m
    [33mtype[39m=[32m"button"[39m
  [36m/>[39m

  Name "Completed 2 On this page":
  [36m<button[39m
    [33maria-pressed[39m=[32m"false"[39m
    [33mclass[39m=[32m"v4-stat"[39m
    [33mtype[39m=[32m"button"[39m
  [36m/>[39m

  Name "Setting up 0 On this page":
  [36m<button[39m
    [33maria-pressed[39m=[32m"false"[39m
    [33mclass[39m=[32m"v4-stat"[39m
    [33mtype[39m=[32m"button"[39m
  [36m/>[39m

  Name "Needs attention 0 On this page":
  [36m<button[39m
    [33maria-pressed[39m=[32m"false"[39m
    [33mclass[39m=[32m"v4-stat"[39m
    [33mtype[39m=[32m"button"[39m
  [36m/>[39m

  Name "Reset":
  [36m<button[39m
    [33mclass[39m=[32m"v4-secondary-button"[39m
    [33mtype[39m=[32m"button"[39m
  [36m/>[39m

  Name "View roadmap":
  [36m<button[39m
    [33mclass[39m=[32m"v4-row-button"[39m
    [33mtype[39m=[32m"button"[39m
  [36m/>[39m

  Name "View roadmap":
  [36m<button[39m
    [33mclass[39m=[32m"v4-row-button"[39m
    [33mtype[39m=[32m"button"[39m
  [36m/>[39m

  Name "View roadmap":
  [36m<button[39m
    [33mclass[39m=[32m"v4-row-button"[39m
    [33mtype[39m=[32m"button"[39m
  [36m/>[39m

  Name "Previous":
  [36m<button[39m
    [33mdisabled[39m=[32m""[39m
    [33mtype[39m=[32m"button"[39m
  [36m/>[39m

  Name "Next":
  [36m<button[39m
    [33mdisabled[39m=[32m""[39m
    [33mtype[39m=[32m"button"[39m
  [36m/>[39m

  --------------------------------------------------
  banner:

  Name "":
  [36m<header[39m
    [33mclass[39m=[32m"v4-topbar"[39m
  [36m/>[39m

  --------------------------------------------------
  group:

  Name "Language":
  [36m<div[39m
    [33maria-label[39m=[32m"Language"[39m
    [33mclass[39m=[32m"v4-language"[39m
    [33mrole[39m=[32m"group"[39m
  [36m/>[39m

  Name "Appearance":
  [36m<div[39m
    [33maria-label[39m=[32m"Appearance"[39m
    [33mclass[39m=[32m"v4-themes"[39m
    [33mrole[39m=[32m"group"[39m
  [36m/>[39m

  --------------------------------------------------
  main:

  Name "":
  [36m<main[39m
    [33mclass[39m=[32m"v4-main"[39m
  [36m/>[39m

  --------------------------------------------------
  region:

  Name "Manage onboarding":
  [36m<section[39m
    [33maria-labelledby[39m=[32m"v4-hires-title"[39m
    [33mclass[39m=[32m"v4-screen"[39m
  [36m/>[39m

  Name "Employee":
  [36m<div[39m
    [33maria-label[39m=[32m"Employee"[39m
    [33mclass[39m=[32m"v4-table-wrap"[39m
    [33mrole[39m=[32m"region"[39m
    [33mtabindex[39m=[32m"0"[39m
  [36m/>[39m

  --------------------------------------------------
  paragraph:

  Name "":
  [36m<p[39m
    [33mclass[39m=[32m"v4-eyebrow"[39m
  [36m/>[39m

  Name "":
  [36m<p />[39m

  Name "":
  [36m<p[39m
    [33maria-live[39m=[32m"polite"[39m
    [33mclass[39m=[32m"v4-list-meta"[39m
  [36m/>[39m

  --------------------------------------------------
  heading:

  Name "Manage onboarding":
  [36m<h1[39m
    [33mid[39m=[32m"v4-hires-title"[39m
  [36m/>[39m

  --------------------------------------------------
  textbox:

  Name "Search people":
  [36m<input[39m
    [33mplaceholder[39m=[32m"Search by name"[39m
    [33mvalue[39m=[32m""[39m
  [36m/>[39m

  --------------------------------------------------
  combobox:

  Name "Filter by position":
  [36m<input[39m
    [33maria-autocomplete[39m=[32m"list"[39m
    [33maria-controls[39m=[32m"v4-position-options"[39m
    [33maria-expanded[39m=[32m"false"[39m
    [33maria-label[39m=[32m"Filter by position"[39m
    [33mid[39m=[32m"v4-position-filter"[39m
    [33mplaceholder[39m=[32m"All positions"[39m
    [33mrole[39m=[32m"combobox"[39m
    [33mvalue[39m=[32m""[39m
  [36m/>[39m

  Name "Filter by status":
  [36m<select />[39m

  --------------------------------------------------
  option:

  Name "All statuses":
  [36m<option[39m
    [33mvalue[39m=[32m"all"[39m
  [36m/>[39m

  Name "Setting up":
  [36m<option[39m
    [33mvalue[39m=[32m"provisioning"[39m
  [36m/>[39m

  Name "Learning":
  [36m<option[39m
    [33mvalue[39m=[32m"learning"[39m
  [36m/>[39m

  Name "Completed":
  [36m<option[39m
    [33mvalue[39m=[32m"done"[39m
  [36m/>[39m

  Name "Setup failed":
  [36m<option[39m
    [33mvalue[39m=[32m"failed"[39m
  [36m/>[39m

  Name "Cancelled":
  [36m<option[39m
    [33mvalue[39m=[32m"cancelled"[39m
  [36m/>[39m

  --------------------------------------------------
  table:

  Name "Employee":
  [36m<table[39m
    [33maria-label[39m=[32m"Employee"[39m
  [36m/>[39m

  --------------------------------------------------
  rowgroup:

  Name "":
  [36m<thead />[39m

  Name "":
  [36m<tbody />[39m

  --------------------------------------------------
  row:

  Name "Employee Position Start date Roadmap progress Quiz scores Status Actions":
  [36m<tr />[39m

  Name "Learning hire Engineering 09/30/2026 1/5 days 20% No scores yet Learning View roadmap":
  [36m<tr />[39m

  Name "Completed hire one Engineering 09/30/2026 5/5 days 100% No scores yet Completed View roadmap":
  [36m<tr />[39m

  Name "Completed hire two Engineering 09/30/2026 5/5 days 100% No scores yet Completed View roadmap":
  [36m<tr />[39m

  --------------------------------------------------
  columnheader:

  Name "Employee":
  [36m<th />[39m

  Name "Position":
  [36m<th />[39m

  Name "Start date":
  [36m<th />[39m

  Name "Roadmap progress":
  [36m<th />[39m

  Name "Quiz scores":
  [36m<th />[39m

  Name "Status":
  [36m<th />[39m

  Name "Actions":
  [36m<th />[39m

  --------------------------------------------------
  cell:

  Name "Learning hire":
  [36m<td />[39m

  Name "Engineering":
  [36m<td />[39m

  Name "09/30/2026":
  [36m<td />[39m

  Name "1/5 days 20%":
  [36m<td />[39m

  Name "No scores yet":
  [36m<td />[39m

  Name "Learning":
  [36m<td />[39m

  Name "View roadmap":
  [36m<td />[39m

  Name "Completed hire one":
  [36m<td />[39m

  Name "Engineering":
  [36m<td />[39m

  Name "09/30/2026":
  [36m<td />[39m

  Name "5/5 days 100%":
  [36m<td />[39m

  Name "No scores yet":
  [36m<td />[39m

  Name "Completed":
  [36m<td />[39m

  Name "View roadmap":
  [36m<td />[39m

  Name "Completed hire two":
  [36m<td />[39m

  Name "Engineering":
  [36m<td />[39m

  Name "09/30/2026":
  [36m<td />[39m

  Name "5/5 days 100%":
  [36m<td />[39m

  Name "No scores yet":
  [36m<td />[39m

  Name "Completed":
  [36m<td />[39m

  Name "View roadmap":
  [36m<td />[39m

  --------------------------------------------------

Ignored nodes: comments, script, style
[36m<body>[39m
  [36m<div>[39m
    [36m<div[39m
      [33mclass[39m=[32m"onboarding-v4"[39m
      [33mdata-theme-mode[39m=[32m"light"[39m
      [33mlang[39m=[32m"en"[39m
    [36m>[39m
      [36m<div[39m
        [33mclass[39m=[32m"v4-app"[39m
      [36m>[39m
        [36m<aside[39m
          [33maria-label[39m=[32m"Main navigation"[39m
          [33mclass[39m=[32m"v4-sidebar"[39m
        [36m>[39m
          [36m<div[39m
            [33mclass[39m=[32m"v4-brand"[39m
          [36m>[39m
            [36m<span[39m
              [33maria-hidden[39m=[32m"true"[39m
              [33mclass[39m=[32m"v4-brand-mark"[39m
            [36m/>[39m
            [36m<span>[39m
              [36m<strong>[39m
                [0mPrivOS Onboarding[0m
              [36m</strong>[39m
              [36m<small>[39m
                [0mLearning workspace[0m
              [36m</small>[39m
            [36m</span>[39m
          [36m</div>[39m
          [36m<div[39m
            [33mclass[39m=[32m"v4-nav-label"[39m
          [36m>[39m
            [0mAdministration[0m
          [36m</div>[39m
          [36m<nav[39m
            [33maria-label[39m=[32m"Main navigation"[39m
            [33mclass[39m=[32m"v4-nav"[39m
          [36m>[39m
            [36m<button[39m
              [33maria-current[39m=[32m"page"[39m
              [33maria-label[39m=[32m"People"[39m
              [33mclass[39m=[32m"v4-nav-button active"[39m
              [33mtype[39m=[32m"button"[39m
            [36m>[39m
              [36m<svg[39m
                [33maria-hidden[39m=[32m"true"[39m
                [33mclass[39m=[32m"v4-nav-icon"[39m
                [33mfill[39m=[32m"none"[39m
                [33mstroke[39m=[32m"currentColor"[39m
                [33mstroke-linecap[39m=[32m"round"[39m
                [33mstroke-linejoin[39m=[32m"round"[39m
                [33mstroke-width[39m=[32m"1.8"[39m
                [33mviewBox[39m=[32m"0 0 24 24"[39m
              [36m>[39m
                [36m<path[39m
                  [33md[39m=[32m"M16 21v-2a4 4 0 0 0-4-4H6a4 4 0 0 0-4 4v2"[39m
                [36m/>[39m
                [36m<circle[39m
                  [33mcx[39m=[32m"9"[39m
                  [33mcy[39m=[32m"7"[39m
                  [33mr[39m=[32m"4"[39m
                [36m/>[39m
                [36m<path[39m
                  [33md[39m=[32m"M22 21v-2a4 4 0 0 0-3-3.87M16 3.13a4 4 0 0 1 0 7.75"[39m
                [36m/>[39m
              [36m</svg>[39m
              [36m<span>[39m
                [0mPeople[0m
              [36m</span>[39m
            [36m</button>[39m
            [36m<button[39m
              [33maria-label[39m=[32m"New onboarding"[39m
              [33mclass[39m=[32m"v4-nav-button"[39m
              [33mtype[39m=[32m"button"[39m
            [36m>[39m
              [36m<svg[39m
                [33maria-hidden[39m=[32m"true"[39m
                [33mclass[39m=[32m"v4-nav-icon"[39m
                [33mfill[39m=[32m"none"[39m
                [33mstroke[39m=[32m"currentColor"[39m
                [33mstroke-linecap[39m=[32m"round"[39m
                [33mstroke-linejoin[39m=[32m"round"[39m
                [33mstroke-width[39m=[32m"1.8"[39m
                [33mviewBox[39m=[32m"0 0 24 24"[39m
              [36m>[39m
                [36m<path[39m
                  [33md[39m=[32m"M12 5v14M5 12h14"[39m
                [36m/>[39m
              [36m</svg>[39m
              [36m<span>[39m
                [0mNew onboarding[0m
              [36m</span>[39m
            [36m</button>[39m
            [36m<button[39m
              [33maria-label[39m=[32m"Templates"[39m
              [33mclass[39m=[32m"v4-nav-button"[39m
              [33mtype[39m=[32m"button"[39m
            [36m>[39m
              [36m<svg[39m
                [33maria-hidden[39m=[32m"true"[39m
                [33mclass[39m=[32m"v4-nav-icon"[39m
                [33mfill[39m=[32m"none"[39m
                [33mstroke[39m=[32m"currentColor"[39m
                [33mstroke-linecap[39m=[32m"round"[39m
                [33mstroke-linejoin[39m=[32m"round"[39m
                [33mstroke-width[39m=[32m"1.8"[39m
                [33mviewBox[39m=[32m"0 0 24 24"[39m
              [36m>[39m
                [36m<rect[39m
                  [33mheight[39m=[32m"18"[39m
                  [33mrx[39m=[32m"2"[39m
                  [33mwidth[39m=[32m"18"[39m
                  [33mx[39m=[32m"3"[39m
                  [33my[39m=[32m"3"[39m
                [36m/>[39m
                [36m<path[39m
                  [33md[39m=[32m"M3 9h18M9 21V9"[39m
                [36m/>[39m
              [36m</svg>[39m
              [36m<span>[39m
                [0mTemplates[0m
              [36m</span>[39m
            [36m</button>[39m
          [36m</nav>[39m
        [36m</aside>[39m
        [36m<div[39m
          [33mclass[39m=[32m"v4-shell"[39m
        [36m>[39m
          [36m<header[39m
            [33mclass[39m=[32m"v4-topbar"[39m
          [36m>[39m
            [36m<div[39m
              [33mclass[39m=[32m"v4-context"[39m
            [36m>[39m
              [36m<strong>[39m
                [0mPeople[0m
              [36m</strong>[39m
              [36m<span>[39m
                [0mOnboarding[0m
              [36m</span>[39m
            [36m</div>[39m
            [36m<div[39m
              [33mclass[39m=[32m"v4-top-actions"[39m
            [36m>[39m
              [36m<div[39m
                [33maria-label[39m=[32m"Language"[39m
                [33mclass[39m=[32m"v4-language"[39m
                [33mrole[39m=[32m"group"[39m
              [36m>[39m
                [36m<button[39m
                  [33maria-pressed[39m=[32m"false"[39m
                  [33mclass[39m=[32m""[39m
                  [33mtype[39m=[32m"button"[39m
                [36m>[39m
                  [0mVI[0m
                [36m</button>[39m
                [36m<button[39m
                  [33maria-pressed[39m=[32m"true"[39m
                  [33mclass[39m=[32m"active"[39m
                  [33mtype[39m=[32m"button"[39m
                [36m>[39m
                  [0mEN[0m
                [36m</button>[39m
              [36m</div>[39m
              [36m<div[39m
                [33maria-label[39m=[32m"Appearance"[39m
                [33mclass[39m=[32m"v4-themes"[39m
                [33mrole[39m=[32m"group"[39m
              [36m>[39m
                [36m<button[39m
                  [33maria-label[39m=[32m"Light theme"[39m
                  [33maria-pressed[39m=[32m"true"[39m
                  [33mclass[39m=[32m"v4-theme-dot active"[39m
                  [33mdata-theme[39m=[32m"light"[39m
                  [33mtype[39m=[32m"button"[39m
                [36m/>[39m
                [36m<button[39m
                  [33maria-label[39m=[32m"Dark theme"[39m
                  [33maria-pressed[39m=[32m"false"[39m
                  [33mclass[39m=[32m"v4-theme-dot"[39m
                  [33mdata-theme[39m=[32m"dark"[39m
                  [33mtype[39m=[32m"button"[39m
                [36m/>[39m
                [36m<button[39m
                  [33maria-label[39m=[32m"Brand theme"[39m
                  [33maria-pressed[39m=[32m"false"[39m
                  [33mclass[39m=[32m"v4-theme-dot"[39m
                  [33mdata-theme[39m=[32m"brand"[39m
                  [33mtype[39m=[32m"button"[39m
                [36m/>[39m
              [36m</div>[39m
            [36m</div>[39m
          [36m</header>[39m
          [36m<main[39m
            [33mclass[39m=[32m"v4-main"[39m
          [36m>[39m
            [36m<section[39m
              [33maria-labelledby[39m=[32m"v4-hires-title"[39m
              [33mclass[39m=[32m"v4-screen"[39m
            [36m>[39m
              [36m<div[39m
                [33mclass[39m=[32m"v4-page-head"[39m
              [36m>[39m
                [36m<div>[39m
                  [36m<p[39m
                    [33mclass[39m=[32m"v4-eyebrow"[39m
                  [36m>[39m
                    [0mOn this page[0m
                    [0m · [0m
                    [0m3[0m
                    [0m [0m
                    [0mprofiles[0m
                  [36m</p>[39m
                  [36m<h1[39m
                    [33mid[39m=[32m"v4-hires-title"[39m
                  [36m>[39m
                    [0mManage onboarding[0m
                  [36m</h1>[39m
                  [36m<p>[39m
                    [0mTrack employee progress and status in this room.[0m
                  [36m</p>[39m
                [36m</div>[39m
                [36m<button[39m
                  [33mclass[39m=[32m"v4-primary-button"[39m
                  [33mtype[39m=[32m"button"[39m
                [36m>[39m
                  [0mCreate onboarding[0m
                [36m</button>[39m
              [36m</div>[39m
              [36m<div[39m
                [33maria-label[39m=[32m"On this page"[39m
                [33mclass[39m=[32m"v4-stats"[39m
              [36m>[39m
                [36m<button[39m
                  [33maria-pressed[39m=[32m"false"[39m
                  [33mclass[39m=[32m"v4-stat"[39m
                  [33mtype[39m=[32m"button"[39m
                [36m>[39m
                  [36m<span>[39m
                    [0mOnboarding[0m
                  [36m</span>[39m
                  [36m<strong>[39m
                    [0m1[0m
                  [36m</strong>[39m
                  [36m<small>[39m
                    [0mOn this page[0m
                  [36m</small>[39m
                [36m</button>[39m
                [36m<button[39m
                  [33maria-pressed[39m=[32m"false"[39m
                  [33mclass[39m=[32m"v4-stat"[39m
                  [33mtype[39m=[32m"button"[39m
                [36m>[39m
                  [36m<span>[39m
                    [0mCompleted[0m
                  [36m</span>[39m
                  [36m<strong>[39m
                    [0m2[0m
                  [36m</strong>[39m
                  [36m<small>[39m
                    [0mOn this page[0m
                  [36m</small>[39m
                [36m</button>[39m
                [36m<button[39m
                  [33maria-pressed[39m=[32m"false"[39m
                  [33mclass[39m=[32m"v4-stat"[39m
                  [33mtype[39m=[32m"button"[39m
                [36m>[39m
                  [36m<span>[39m
                    [0mSetting up[0m
                  [36m</span>[39m
                  [36m<strong>[39m
                    [0m0[0m
                  [36m</strong>[39m
                  [36m<small>[39m
                    [0mOn this page[0m
                  [36m</small>[39m
                [36m</button>[39m
                [36m<button[39m
                  [33maria-pressed[39m=[32m"false"[39m
                  [33mclass[39m=[32m"v4-stat"[39m
                  [33mtype[39m=[32m"button"[39m
                [36m>[39m
                  [36m<span>[39m
                    [0mNeeds attention[0m
                  [36m</span>[39m
                  [36m<strong>[39m
                    [0m0[0m
                  [36m</strong>[39m
                  [36m<small>[39m
                    [0mOn this page[0m
                  [36m</small>[39m
                [36m</button>[39m
              [36m</div>[39m
              [36m<div[39m
                [33mclass[39m=[32m"v4-toolbar v4-hires-toolbar"[39m
              [36m>[39m
                [36m<label[39m
                  [33mclass[39m=[32m"v4-search"[39m
                [36m>[39m
                  [36m<span[39m
                    [33mclass[39m=[32m"v4-visually-hidden"[39m
                  [36m>[39m
                    [0mSearch people[0m
                  [36m</span>[39m
                  [36m<input[39m
                    [33mplaceholder[39m=[32m"Search by name"[39m
                    [33mvalue[39m=[32m""[39m
                  [36m/>[39m
                [36m</label>[39m
                [36m<div[39m
                  [33mclass[39m=[32m"v4-position-typeahead"[39m
                [36m>[39m
                  [36m<label[39m
                    [33mclass[39m=[32m"v4-visually-hidden"[39m
                    [33mfor[39m=[32m"v4-position-filter"[39m
                  [36m>[39m
                    [0mFilter by position[0m
                  [36m</label>[39m
                  [36m<input[39m
                    [33maria-autocomplete[39m=[32m"list"[39m
                    [33maria-controls[39m=[32m"v4-position-options"[39m
                    [33maria-expanded[39m=[32m"false"[39m
                    [33maria-label[39m=[32m"Filter by position"[39m
                    [33mid[39m=[32m"v4-position-filter"[39m
                    [33mplaceholder[39m=[32m"All positions"[39m
                    [33mrole[39m=[32m"combobox"[39m
                    [33mvalue[39m=[32m""[39m
                  [36m/>[39m
                [36m</div>[39m
                [36m<label[39m
                  [33mclass[39m=[32m"v4-filter"[39m
                [36m>[39m
                  [36m<span[39m
                    [33mclass[39m=[32m"v4-visually-hidden"[39m
                  [36m>[39m
                    [0mFilter by status[0m
                  [36m</span>[39m
                  [36m<select>[39m
                    [36m<option[39m
                      [33mvalue[39m=[32m"all"[39m
                    [36m>[39m
                      [0mAll statuses[0m
                    [36m</option>[39m
                    [36m<option[39m
                      [33mvalue[39m=[32m"provisioning"[39m
                    [36m>[39m
                      [0mSetting up[0m
                    [36m</option>[39m
                    [36m<option[39m
                      [33mvalue[39m=[32m"learning"[39m
                    [36m>[39m
                      [0mLearning[0m
                    [36m</option>[39m
                    [36m<option[39m
                      [33mvalue[39m=[32m"done"[39m
                    [36m>[39m
                      [0mCompleted[0m
                    [36m</option>[39m
                    [36m<option[39m
                      [33mvalue[39m=[32m"failed"[39m
                    [36m>[39m
                      [0mSetup failed[0m
                    [36m</option>[39m
                    [36m<option[39m
                      [33mvalue[39m=[32m"cancelled"[39m
                    [36m>[39m
                      [0mCancelled[0m
                    [36m</option>[39m
                  [36m</select>[39m
                [36m</label>[39m
                [36m<button[39m
                  [33mclass[39m=[32m"v4-secondary-button"[39m
                  [33mtype[39m=[32m"button"[39m
                [36m>[39m
                  [0mReset[0m
                [36m</button>[39m
              [36m</div>[39m
              [36m<p[39m
                [33maria-live[39m=[32m"polite"[39m
                [33mclass[39m=[32m"v4-list-meta"[39m
              [36m>[39m
                [0mShowing 3 profiles · on this page[0m
              [36m</p>[39m
              [36m<div[39m
                [33maria-label[39m=[32m"Employee"[39m
                [33mclass[39m=[32m"v4-table-wrap"[39m
                [33mrole[39m=[32m"region"[39m
                [33mtabindex[39m=[32m"0"[39m
              [36m>[39m
                [36m<table[39m
                  [33maria-label[39m=[32m"Employee"[39m
                [36m>[39m
                  [36m<thead>[39m
                    [36m<tr>[39m
                      [36m<th>[39m
                        [0mEmployee[0m
                      [36m</th>[39m
                      [36m<th>[39m
                        [0mPosition[0m
                      [36m</th>[39m
                      [36m<th>[39m
                        [0mStart date[0m
                      [36m</th>[39m
                      [36m<th>[39m
                        [0mRoadmap progress[0m
                      [36m</th>[39m
                      [36m<th>[39m
                        [0mQuiz scores[0m
                      [36m</th>[39m
                      [36m<th>[39m
                        [0mStatus[0m
                      [36m</th>[39m
                      [36m<th>[39m
                        [0mActions[0m
                      [36m</th>[39m
                    [36m</tr>[39m
                  [36m</thead>[39m
                  [36m<tbody>[39m
                    [36m<tr>[39m
                      [36m<td>[39m
                        [36m<strong>[39m
                          [0mLearning hire[0m
                        [36m</strong>[39m
                      [36m</td>[39m
                      [36m<td>[39m
                        [0mEngineering[0m
                      [36m</td>[39m
                      [36m<td>[39m
                        [0m09/30/2026[0m
                      [36m</td>[39m
                      [36m<td>[39m
                        [36m<div[39m
                          [33mclass[39m=[32m"v4-progress-copy"[39m
                        [36m>[39m
                          [36m<strong>[39m
                            [0m1[0m
                            [0m/[0m
                            [0m5[0m
                            [0m [0m
                            [0mdays[0m
                          [36m</strong>[39m
                          [36m<span>[39m
                            [0m20%[0m
                          [36m</span>[39m
                        [36m</div>[39m
                        [36m<div[39m
                          [33mclass[39m=[32m"v4-mini-progress"[39m
                        [36m>[39m
                          [36m<span[39m
                            [33mstyle[39m=[32m"width: 20%;"[39m
                          [36m/>[39m
                        [36m</div>[39m
                      [36m</td>[39m
                      [36m<td>[39m
                        [36m<span[39m
                          [33mclass[39m=[32m"v4-muted"[39m
                        [36m>[39m
                          [0mNo scores yet[0m
                        [36m</span>[39m
                      [36m</td>[39m
                      [36m<td>[39m
                        [36m<span[39m
                          [33mclass[39m=[32m"v4-badge v4-badge-learning"[39m
                        [36m>[39m
                          [0mLearning[0m
                        [36m</span>[39m
                      [36m</td>[39m
                      [36m<td>[39m
                        [36m<button[39m
                          [33mclass[39m=[32m"v4-row-button"[39m
                          [33mtype[39m=[32m"button"[39m
                        [36m>[39m
                          [0mView roadmap[0m
                        [36m</button>[39m
                      [36m</td>[39m
                    [36m</tr>[39m
                    [36m<tr>[39m
                      [36m<td>[39m
                        [36m<strong>[39m
                          [0mCompleted hire one[0m
                        [36m</strong>[39m
                      [36m</td>[39m
                      [36m<td>[39m
                        [0mEngineering[0m
                      [36m</td>[39m
                      [36m<td>[39m
                        [0m09/30/2026[0m
                      [36m</td>[39m
                      [36m<td>[39m
                        [36m<div[39m
                          [33mclass[39m=[32m"v4-progress-copy"[39m
                        [36m>[39m
                          [36m<strong>[39m
                            [0m5[0m
                            [0m/[0m
                            [0m5[0m
                            [0m [0m
                            [0mdays[0m
                          [36m</strong>[39m
                          [36m<span>[39m
                            [0m100%[0m
                          [36m</span>[39m
                        [36m</div>[39m
                        [36m<div[39m
                          [33mclass[39m=[32m"v4-mini-progress"[39m
                        [36m>[39m
                          [36m<span[39m
                            [33mstyle[39m=[32m"width: 100%;"[39m
                          [36m/>[39m
                        [36m</div>[39m
                      [36m</td>[39m
                      [36m<td>[39m
                        [36m<span[39m
                          [33mclass[39m=[32m"v4-muted"[39m
                        [36m>[39m
                          [0mNo scores yet[0m
                        [36m</span>[39m
                      [36m</td>[39m
                      [36m<td>[39m
                        [36m<span[39m
                          [33mclass[39m=[32m"v4-badge v4-badge-done"[39m
                        [36m>[39m
                          [0mCompleted[0m
                        [36m</span>[39m
                      [36m</td>[39m
                      [36m<td>[39m
                        [36m<button[39m
                          [33mclass[39m=[32m"v4-row-button"[39m
                          [33mtype[39m=[32m"button"[39m
                        [36m>[39m
                          [0mView roadmap[0m
                        [36m</button>[39m
                      [36m</td>[39m
                    [36m</tr>[39m
                    [36m<tr>[39m
                      [36m<td>[39m
                        [36m<strong>[39m
                          [0mCompleted hire two[0m
                        [36m</strong>[39m
                      [36m</td>[39m
                      [36m<td>[39m
                        [0mEngineering[0m
                      [36m</td>[39m
                      [36m<td>[39m
                        [0m09/30/2026[0m
                      [36m</td>[39m
                      [36m<td>[39m
                        [36m<div[39m
                          [33mclass[39m=[32m"v4-progress-copy"[39m
                        [36m>[39m
                          [36m<strong>[39m
                            [0m5[0m
                            [0m/[0m
                            [0m5[0m
                            [0m [0m
                            [0mdays[0m
                          [36m</strong>[39m
                          [36m<span>[39m
                            [0m100%[0m
                          [36m</span>[39m
                        [36m</div>[39m
                        [36m<div[39m
                          [33mclass[39m=[32m"v4-mini-progress"[39m
                        [36m>[39m
                          [36m<span[39m
                            [33mstyle[39m=[32m"width: 100%;"[39m
                          [36m/>[39m
                        [36m</div>[39m
                      [36m</td>[39m
                      [36m<td>[39m
                        [36m<span[39m
                          [33mclass[39m=[32m"v4-muted"[39m
                        [36m>[39m
                          [0mNo scores yet[0m
                        [36m</span>[39m
                      [36m</td>[39m
                      [36m<td>[39m
                        [36m<span[39m
                          [33mclass[39m=[32m"v4-badge v4-badge-done"[39m
                        [36m>[39m
                          [0mCompleted[0m
                        [36m</span>[39m
                      [36m</td>[39m
                      [36m<td>[39m
                        [36m<button[39m
                          [33mclass[39m=[32m"v4-row-button"[39m
                          [33mtype[39m=[32m"button"[39m
                        [36m>[39m
                          [0mView roadmap[0m
                        [36m</button>[39m
                      [36m</td>[39m
                    [36m</tr>[39m
                  [36m</tbody>[39m
                [36m</table>[39m
              [36m</div>[39m
              [36m<div[39m
                [33mclass[39m=[32m"v4-pager"[39m
              [36m>[39m
                [36m<button[39m
                  [33mdisabled[39m=[32m""[39m
                  [33mtype[39m=[32m"button"[39m
                [36m>[39m
                  [0mPrevious[0m
                [36m</button>[39m
                [36m<button[39m
                  [33mdisabled[39m=[32m""[39m
                  [33mtype[39m=[32m"button"[39m
                [36m>[39m
                  [0mNext[0m
                [36m</button>[39m
              [36m</div>[39m
            [36m</section>[39m
          [36m</main>[39m
        [36m</div>[39m
      [36m</div>[39m
    [36m</div>[39m
  [36m</div>[39m
[36m</body>[39m
   × v4 room bootstrap surface > keeps the applied position while searching another and appends further lookup pages 1123ms
     → expected last "spy" call to have been called with [ { text: 'Fin' }, undefined ]

Ignored nodes: comments, script, style
[36m<html>[39m
  [36m<head />[39m
  [36m<body>[39m
    [36m<div>[39m
      [36m<div[39m
        [33mclass[39m=[32m"onboarding-v4"[39m
        [33mdata-theme-mode[39m=[32m"light"[39m
        [33mlang[39m=[32m"en"[39m
      [36m>[39m
        [36m<div[39m
          [33mclass[39m=[32m"v4-app"[39m
        [36m>[39m
          [36m<aside[39m
            [33maria-label[39m=[32m"Main navigation"[39m
            [33mclass[39m=[32m"v4-sidebar"[39m
          [36m>[39m
            [36m<div[39m
              [33mclass[39m=[32m"v4-brand"[39m
            [36m>[39m
              [36m<span[39m
                [33maria-hidden[39m=[32m"true"[39m
                [33mclass[39m=[32m"v4-brand-mark"[39m
              [36m/>[39m
              [36m<span>[39m
                [36m<strong>[39m
                  [0mPrivOS Onboarding[0m
                [36m</strong>[39m
                [36m<small>[39m
                  [0mLearning workspace[0m
                [36m</small>[39m
              [36m</span>[39m
            [36m</div>[39m
            [36m<div[39m
              [33mclass[39m=[32m"v4-nav-label"[39m
            [36m>[39m
              [0mAdministration[0m
            [36m</div>[39m
            [36m<nav[39m
              [33maria-label[39m=[32m"Main navigation"[39m
              [33mclass[39m=[32m"v4-nav"[39m
            [36m>[39m
              [36m<button[39m
                [33maria-current[39m=[32m"page"[39m
                [33maria-label[39m=[32m"People"[39m
                [33mclass[39m=[32m"v4-nav-button active"[39m
                [33mtype[39m=[32m"button"[39m
              [36m>[39m
                [36m<svg[39m
                  [33maria-hidden[39m=[32m"true"[39m
                  [33mclass[39m=[32m"v4-nav-icon"[39m
                  [33mfill[39m=[32m"none"[39m
                  [33mstroke[39m=[32m"currentColor"[39m
                  [33mstroke-linecap[39m=[32m"round"[39m
                  [33mstroke-linejoin[39m=[32m"round"[39m
                  [33mstroke-width[39m=[32m"1.8"[39m
                  [33mviewBox[39m=[32m"0 0 24 24"[39m
                [36m>[39m
                  [36m<path[39m
                    [33md[39m=[32m"M16 21v-2a4 4 0 0 0-4-4H6a4 4 0 0 0-4 4v2"[39m
                  [36m/>[39m
                  [36m<circle[39m
                    [33mcx[39m=[32m"9"[39m
                    [33mcy[39m=[32m"7"[39m
                    [33mr[39m=[32m"4"[39m
                  [36m/>[39m
                  [36m<path[39m
                    [33md[39m=[32m"M22 21v-2a4 4 0 0 0-3-3.87M16 3.13a4 4 0 0 1 0 7.75"[39m
                  [36m/>[39m
                [36m</svg>[39m
                [36m<span>[39m
                  [0mPeople[0m
                [36m</span>[39m
              [36m</button>[39m
              [36m<button[39m
                [33maria-label[39m=[32m"New onboarding"[39m
                [33mclass[39m=[32m"v4-nav-button"[39m
                [33mtype[39m=[32m"button"[39m
              [36m>[39m
                [36m<svg[39m
                  [33maria-hidden[39m=[32m"true"[39m
                  [33mclass[39m=[32m"v4-nav-icon"[39m
                  [33mfill[39m=[32m"none"[39m
                  [33mstroke[39m=[32m"currentColor"[39m
                  [33mstroke-linecap[39m=[32m"round"[39m
                  [33mstroke-linejoin[39m=[32m"round"[39m
                  [33mstroke-width[39m=[32m"1.8"[39m
                  [33mviewBox[39m=[32m"0 0 24 24"[39m
                [36m>[39m
                  [36m<path[39m
                    [33md[39m=[32m"M12 5v14M5 12h14"[39m
                  [36m/>[39m
                [36m</svg>[39m
                [36m<span>[39m
                  [0mNew onboarding[0m
                [36m</span>[39m
              [36m</button>[39m
              [36m<button[39m
                [33maria-label[39m=[32m"Templates"[39m
                [33mclass[39m=[32m"v4-nav-button"[39m
                [33mtype[39m=[32m"button"[39m
              [36m>[39m
                [36m<svg[39m
                  [33maria-hidden[39m=[32m"true"[39m
                  [33mclass[39m=[32m"v4-nav-icon"[39m
                  [33mfill[39m=[32m"none"[39m
                  [33mstroke[39m=[32m"currentColor"[39m
                  [33mstroke-linecap[39m=[32m"round"[39m
                  [33mstroke-linejoin[39m=[32m"round"[39m
                  [33mstroke-width[39m=[32m"1.8"[39m
                  [33mviewBox[39m=[32m"0 0 24 24"[39m
                [36m>[39m
                  [36m<rect[39m
                    [33mheight[39m=[32m"18"[39m
                    [33mrx[39m=[32m"2"[39m
                    [33mwidth[39m=[32m"18"[39m
                    [33mx[39m=[32m"3"[39m
                    [33my[39m=[32m"3"[39m
                  [36m/>[39m
                  [36m<path[39m
                    [33md[39m=[32m"M3 9h18M9 21V9"[39m
                  [36m/>[39m
                [36m</svg>[39m
                [36m<span>[39m
                  [0mTemplates[0m
                [36m</span>[39m
              [36m</button>[39m
            [36m</nav>[39m
          [36m</aside>[39m
          [36m<div[39m
            [33mclass[39m=[32m"v4-shell"[39m
          [36m>[39m
            [36m<header[39m
              [33mclass[39m=[32m"v4-topbar"[39m
            [36m>[39m
              [36m<div[39m
                [33mclass[39m=[32m"v4-context"[39m
              [36m>[39m
                [36m<strong>[39m
                  [0mPeople[0m
                [36m</strong>[39m
                [36m<span>[39m
                  [0mOnboarding[0m
                [36m</span>[39m
              [36m</div>[39m
              [36m<div[39m
                [33mclass[39m=[32m"v4-top-actions"[39m
              [36m>[39m
                [36m<div[39m
                  [33maria-label[39m=[32m"Language"[39m
                  [33mclass[39m=[32m"v4-language"[39m
                  [33mrole[39m=[32m"group"[39m
                [36m>[39m
                  [36m<button[39m
                    [33maria-pressed[39m=[32m"false"[39m
                    [33mclass[39m=[32m""[39m
                    [33mtype[39m=[32m"button"[39m
                  [36m>[39m
                    [0mVI[0m
                  [36m</button>[39m
                  [36m<button[39m
                    [33maria-pressed[39m=[32m"true"[39m
                    [33mclass[39m=[32m"active"[39m
                    [33mtype[39m=[32m"button"[39m
                  [36m>[39m
                    [0mEN[0m
                  [36m</button>[39m
                [36m</div>[39m
                [36m<div[39m
                  [33maria-label[39m=[32m"Appearance"[39m
                  [33mclass[39m=[32m"v4-themes"[39m
                  [33mrole[39m=[32m"group"[39m
                [36m>[39m
                  [36m<button[39m
                    [33maria-label[39m=[32m"Light theme"[39m
                    [33maria-pressed[39m=[32m"true"[39m
                    [33mclass[39m=[32m"v4-theme-dot active"[39m
                    [33mdata-theme[39m=[32m"light"[39m
                    [33mtype[39m=[32m"button"[39m
                  [36m/>[39m
                  [36m<button[39m
                    [33maria-label[39m=[32m"Dark theme"[39m
                    [33maria-pressed[39m=[32m"false"[39m
                    [33mclass[39m=[32m"v4-theme-dot"[39m
                    [33mdata-theme[39m=[32m"dark"[39m
                    [33mtype[39m=[32m"button"[39m
                  [36m/>[39m
                  [36m<button[39m
                    [33maria-label[39m=[32m"Brand theme"[39m
                    [33maria-pressed[39m=[32m"false"[39m
                    [33mclass[39m=[32m"v4-theme-dot"[39m
                    [33mdata-theme[39m=[32m"brand"[39m
                    [33mtype[39m=[32m"button"[39m
                  [36m/>[39m
                [36m</div>[39m
              [36m</div>[39m
            [36m</header>[39m
            [36m<main[39m
              [33mclass[39m=[32m"v4-main"[39m
            [36m>[39m
              [36m<section[39m
                [33maria-labelledby[39m=[32m"v4-hires-title"[39m
                [33mclass[39m=[32m"v4-screen"[39m
              [36m>[39m
                [36m<div[39m
                  [33mclass[39m=[32m"v4-page-head"[39m
                [36m>[39m
                  [36m<div>[39m
                    [36m<p[39m
                      [33mclass[39m=[32m"v4-eyebrow"[39m
                    [36m>[39m
                      [0mOn this page[0m
                      [0m · [0m
                      [0m0[0m
                      [0m [0m
                      [0mprofiles[0m
                    [36m</p>[39m
                    [36m<h1[39m
                      [33mid[39m=[32m"v4-hires-title"[39m
                    [36m>[39m
                      [0mManage onboarding[0m
                    [36m</h1>[39m
                    [36m<p>[39m
                      [0mTrack employee progress and status in this room.[0m
                    [36m</p>[39m
                  [36m</div>[39m
                  [36m<button[39m
                    [33mclass[39m=[32m"v4-primary-button"[39m
                    [33mtype[39m=[32m"button"[39m
                  [36m>[39m
                    [0mCreate onboarding[0m
                  [36m</button>[39m
                [36m</div>[39m
                [36m<div[39m
                  [33maria-label[39m=[32m"On this page"[39m
                  [33mclass[39m=[32m"v4-stats"[39m
                [36m>[39m
                  [36m<button[39m
                    [33maria-pressed[39m=[32m"false"[39m
                    [33mclass[39m=[32m"v4-stat"[39m
                    [33mtype[39m=[32m"button"[39m
                  [36m>[39m
                    [36m<span>[39m
                      [0mOnboarding[0m
                    [36m</span>[39m
                    [36m<strong>[39m
                      [0m0[0m
                    [36m</strong>[39m
                    [36m<small>[39m
                      [0mOn this page[0m
                    [36m</small>[39m
                  [36m</button>[39m
                  [36m<button[39m
                    [33maria-pressed[39m=[32m"false"[39m
                    [33mclass[39m=[32m"v4-stat"[39m
                    [33mtype[39m=[32m"button"[39m
                  [36m>[39m
                    [36m<span>[39m
                      [0mCompleted[0m
                    [36m</span>[39m
                    [36m<strong>[39m
                      [0m0[0m
                    [36m</strong>[39m
                    [36m<small>[39m
                      [0mOn this page[0m
                    [36m</small>[39m
                  [36m</button>[39m
                  [36m<button[39m
                    [33maria-pressed[39m=[32m"false"[39m
                    [33mclass[39m=[32m"v4-stat"[39m
                    [33mtype[39m=[32m"button"[39m
                  [36m>[39m
                    [36m<span>[39m
                      [0mSetting up[0m
                    [36m</span>[39m
                    [36m<strong>[39m
                      [0m0[0m
                    [36m</strong>[39m
                    [36m<small>[39m
                      [0mOn this page[0m
                    [36m</small>[39m
                  [36m</button>[39m
                  [36m<button[39m
                    [33maria-pressed[39m=[32m"false"[39m
                    [33mclass[39m=[32m"v4-stat"[39m
                    [33mtype[39m=[32m"button"[39m
                  [36m>[39m
                    [36m<span>[39m
                      [0mNeeds attention[0m
                    [36m</span>[39m
                    [36m<strong>[39m
                      [0m0[0m
                    [36m</strong>[39m
                    [36m<small>[39m
                      [0mOn this page[0m
                    [36m</small>[39m
                  [36m</button>[39m
                [36m</div>[39m
                [36m<div[39m
                  [33mclass[39m=[32m"v4-toolbar v4-hires-toolbar"[39m
                [36m>[39m
                  [36m<label[39m
                    [33mclass[39m=[32m"v4-search"[39m
                  [36m>[39m
                    [36m<span[39m
                      [33mclass[39m=[32m"v4-visually-hidden"[39m
                    [36m>[39m
                      [0mSearch people[0m
                    [36m</span>[39m
                    [36m<input[39m
                      [33mplaceholder[39m=[32m"Search by name"[39m
                      [33mvalue[39m=[32m""[39m
                    [36m/>[39m
                  [36m</label>[39m
                  [36m<div[39m
                    [33mclass[39m=[32m"v4-position-typeahead"[39m
                  [36m>[39m
                    [36m<label[39m
                      [33mclass[39m=[32m"v4-visually-hidden"[39m
                      [33mfor[39m=[32m"v4-position-filter"[39m
                    [36m>[39m
                      [0mFilter by position[0m
                    [36m</label>[39m
                    [36m<input[39m
                      [33maria-autocomplete[39m=[32m"list"[39m
                      [33maria-controls[39m=[32m"v4-position-options"[39m
                      [33maria-expanded[39m=[32m"true"[39m
                      [33maria-label[39m=[32m"Filter by position"[39m
                      [33mid[39m=[32m"v4-position-filter"[39m
                      [33mplaceholder[39m=[32m"All positions"[39m
                      [33mrole[39m=[32m"combobox"[39m
                      [33mvalue[39m=[32m"Fin"[39m
                    [36m/>[39m
                    [36m<div[39m
                      [33maria-label[39m=[32m"Filter by position"[39m
                      [33mclass[39m=[32m"v4-position-options"[39m
                      [33mid[39m=[32m"v4-position-options"[39m
                      [33mrole[39m=[32m"listbox"[39m
                    [36m>[39m
                      [36m<p>[39m
                        [0mNo matching positions.[0m
                      [36m</p>[39m
                    [36m</div>[39m
                  [36m</div>[39m
                  [36m<label[39m
                    [33mclass[39m=[32m"v4-filter"[39m
                  [36m>[39m
                    [36m<span[39m
                      [33mclass[39m=[32m"v4-visually-hidden"[39m
                    [36m>[39m
                      [0mFilter by status[0m
                    [36m</span>[39m
                    [36m<select>[39m
                      [36m<option[39m
                        [33mvalue[39m=[32m"all"[39m
                      [36m>[39m
                        [0mAll statuses[0m
                      [36m</option>[39m
                      [36m<option[39m
                        [33mvalue[39m=[32m"provisioning"[39m
                      [36m>[39m
                        [0mSetting up[0m
                      [36m</option>[39m
                      [36m<option[39m
                        [33mvalue[39m=[32m"learning"[39m
                      [36m>[39m
                        [0mLearning[0m
                      [36m</option>[39m
                      [36m<option[39m
                        [33mvalue[39m=[32m"done"[39m
                      [36m>[39m
                        [0mCompleted[0m
                      [36m</option>[39m
                      [36m<option[39m
                        [33mvalue[39m=[32m"failed"[39m
                      [36m>[39m
                        [0mSetup failed[0m
                      [36m</option>[39m
                      [36m<option[39m
                        [33mvalue[39m=[32m"cancelled"[39m
                      [36m>[39m
                        [0mCancelled[0m
                      [36m</option>[39m
                    [36m</select>[39m
                  [36m</label>[39m
                  [36m<button[39m
                    [33mclass[39m=[32m"v4-secondary-button"[39m
                    [33mtype[39m=[32m"button"[39m
                  [36m>[39m
                    [0mReset[0m
                  [36m</button>[39m
                [36m</div>[39m
                [36m<p[39m
                  [33maria-live[39m=[32m"polite"[39m
                  [33mclass[39m=[32m"v4-list-meta"[39m
                [36m>[39m
                  [0mShowing 0 profiles · on this page[0m
                [36m</p>[39m
                [36m<div[39m
                  [33maria-label[39m=[32m"Employee"[39m
                  [33mclass[39m=[32m"v4-table-wrap"[39m
                  [33mrole[39m=[32m"region"[39m
                  [33mtabindex[39m=[32m"0"[39m
                [36m>[39m
                  [36m<table[39m
                    [33maria-label[39m=[32m"Employee"[39m
                  [36m>[39m
                    [36m<thead>[39m
                      [36m<tr>[39m
                        [36m<th>[39m
                          [0mEmployee[0m
                        [36m</th>[39m
                        [36m<th>[39m
                          [0mPosition[0m
                        [36m</th>[39m
                        [36m<th>[39m
                          [0mStart date[0m
                        [36m</th>[39m
                        [36m<th>[39m
                          [0mRoadmap progress[0m
                        [36m</th>[39m
                        [36m<th>[39m
                          [0mQuiz scores[0m
                        [36m</th>[39m
                        [36m<th>[39m
                          [0mStatus[0m
                        [36m</th>[39m
                        [36m<th>[39m
                          [0mActions[0m
                        [36m</th>[39m
                      [36m</tr>[39m
                    [36m</thead>[39m
                    [36m<tbody />[39m
                  [36m</table>[39m
                  [36m<div[39m
                    [33mclass[39m=[32m"v4-table-state"[39m
                  [36m>[39m
                    [36m<p>[39m
                      [0mNo matching profiles.[0m
                    [36m</p>[39m
                  [36m</div>[39m
                [36m</div>[39m
                [36m<div[39m
                  [33mclass[39m=[32m"v4-pager"[39m
                [36m>[39m
                  [36m<button[39m
                    [33mdisabled[39m=[32m""[39m
                    [33mtype[39m=[32m"button"[39m
                  [36m>[39m
                    [0mPrevious[0m
                  [36m</button>[39m
                  [36m<button[39m
                    [33mdisabled[39m=[32m""[39m
                    [33mtype[39m=[32m"button"[39m
                  [36m>[39m
                    [0mNext[0m
                  [36m</button>[39m
                [36m</div>[39m
              [36m</section>[39m
            [36m</main>[39m
          [36m</div>[39m
        [36m</div>[39m
      [36m</div>[39m
    [36m</div>[39m
  [36m</body>[39m
[36m</html>[39m
   × v4 room bootstrap surface > ignores a lookup page that finishes after a new search 1046ms
     → Unable to find role="button" and name "Load more positions"

Ignored nodes: comments, script, style
[36m<body>[39m
  [36m<div>[39m
    [36m<div[39m
      [33mclass[39m=[32m"onboarding-v4"[39m
      [33mdata-theme-mode[39m=[32m"light"[39m
      [33mlang[39m=[32m"en"[39m
    [36m>[39m
      [36m<div[39m
        [33mclass[39m=[32m"v4-app"[39m
      [36m>[39m
        [36m<aside[39m
          [33maria-label[39m=[32m"Main navigation"[39m
          [33mclass[39m=[32m"v4-sidebar"[39m
        [36m>[39m
          [36m<div[39m
            [33mclass[39m=[32m"v4-brand"[39m
          [36m>[39m
            [36m<span[39m
              [33maria-hidden[39m=[32m"true"[39m
              [33mclass[39m=[32m"v4-brand-mark"[39m
            [36m/>[39m
            [36m<span>[39m
              [36m<strong>[39m
                [0mPrivOS Onboarding[0m
              [36m</strong>[39m
              [36m<small>[39m
                [0mLearning workspace[0m
              [36m</small>[39m
            [36m</span>[39m
          [36m</div>[39m
          [36m<div[39m
            [33mclass[39m=[32m"v4-nav-label"[39m
          [36m>[39m
            [0mAdministration[0m
          [36m</div>[39m
          [36m<nav[39m
            [33maria-label[39m=[32m"Main navigation"[39m
            [33mclass[39m=[32m"v4-nav"[39m
          [36m>[39m
            [36m<button[39m
              [33maria-current[39m=[32m"page"[39m
              [33maria-label[39m=[32m"People"[39m
              [33mclass[39m=[32m"v4-nav-button active"[39m
              [33mtype[39m=[32m"button"[39m
            [36m>[39m
              [36m<svg[39m
                [33maria-hidden[39m=[32m"true"[39m
                [33mclass[39m=[32m"v4-nav-icon"[39m
                [33mfill[39m=[32m"none"[39m
                [33mstroke[39m=[32m"currentColor"[39m
                [33mstroke-linecap[39m=[32m"round"[39m
                [33mstroke-linejoin[39m=[32m"round"[39m
                [33mstroke-width[39m=[32m"1.8"[39m
                [33mviewBox[39m=[32m"0 0 24 24"[39m
              [36m>[39m
                [36m<path[39m
                  [33md[39m=[32m"M16 21v-2a4 4 0 0 0-4-4H6a4 4 0 0 0-4 4v2"[39m
                [36m/>[39m
                [36m<circle[39m
                  [33mcx[39m=[32m"9"[39m
                  [33mcy[39m=[32m"7"[39m
                  [33mr[39m=[32m"4"[39m
                [36m/>[39m
                [36m<path[39m
                  [33md[39m=[32m"M22 21v-2a4 4 0 0 0-3-3.87M16 3.13a4 4 0 0 1 0 7.75"[39m
                [36m/>[39m
              [36m</svg>[39m
              [36m<span>[39m
                [0mPeople[0m
              [36m</span>[39m
            [36m</button>[39m
            [36m<button[39m
              [33maria-label[39m=[32m"New onboarding"[39m
              [33mclass[39m=[32m"v4-nav-button"[39m
              [33mtype[39m=[32m"button"[39m
            [36m>[39m
              [36m<svg[39m
                [33maria-hidden[39m=[32m"true"[39m
                [33mclass[39m=[32m"v4-nav-icon"[39m
                [33mfill[39m=[32m"none"[39m
                [33mstroke[39m=[32m"currentColor"[39m
                [33mstroke-linecap[39m=[32m"round"[39m
                [33mstroke-linejoin[39m=[32m"round"[39m
                [33mstroke-width[39m=[32m"1.8"[39m
                [33mviewBox[39m=[32m"0 0 24 24"[39m
              [36m>[39m
                [36m<path[39m
                  [33md[39m=[32m"M12 5v14M5 12h14"[39m
                [36m/>[39m
              [36m</svg>[39m
              [36m<span>[39m
                [0mNew onboarding[0m
              [36m</span>[39m
            [36m</button>[39m
            [36m<button[39m
              [33maria-label[39m=[32m"Templates"[39m
              [33mclass[39m=[32m"v4-nav-button"[39m
              [33mtype[39m=[32m"button"[39m
            [36m>[39m
              [36m<svg[39m
                [33maria-hidden[39m=[32m"true"[39m
                [33mclass[39m=[32m"v4-nav-icon"[39m
                [33mfill[39m=[32m"none"[39m
                [33mstroke[39m=[32m"currentColor"[39m
                [33mstroke-linecap[39m=[32m"round"[39m
                [33mstroke-linejoin[39m=[32m"round"[39m
                [33mstroke-width[39m=[32m"1.8"[39m
                [33mviewBox[39m=[32m"0 0 24 24"[39m
              [36m>[39m
                [36m<rect[39m
                  [33mheight[39m=[32m"18"[39m
                  [33mrx[39m=[32m"2"[39m
                  [33mwidth[39m=[32m"18"[39m
                  [33mx[39m=[32m"3"[39m
                  [33my[39m=[32m"3"[39m
                [36m/>[39m
                [36m<path[39m
                  [33md[39m=[32m"M3 9h18M9 21V9"[39m
                [36m/>[39m
              [36m</svg>[39m
              [36m<span>[39m
                [0mTemplates[0m
              [36m</span>[39m
            [36m</button>[39m
          [36m</nav>[39m
        [36m</aside>[39m
        [36m<div[39m
          [33mclass[39m=[32m"v4-shell"[39m
        [36m>[39m
          [36m<header[39m
            [33mclass[39m=[32m"v4-topbar"[39m
          [36m>[39m
            [36m<div[39m
              [33mclass[39m=[32m"v4-context"[39m
            [36m>[39m
              [36m<strong>[39m
                [0mPeople[0m
              [36m</strong>[39m
              [36m<span>[39m
                [0mOnboarding[0m
              [36m</span>[39m
            [36m</div>[39m
            [36m<div[39m
              [33mclass[39m=[32m"v4-top-actions"[39m
            [36m>[39m
              [36m<div[39m
                [33maria-label[39m=[32m"Language"[39m
                [33mclass[39m=[32m"v4-language"[39m
                [33mrole[39m=[32m"group"[39m
              [36m>[39m
                [36m<button[39m
                  [33maria-pressed[39m=[32m"false"[39m
                  [33mclass[39m=[32m""[39m
                  [33mtype[39m=[32m"button"[39m
                [36m>[39m
                  [0mVI[0m
                [36m</button>[39m
                [36m<button[39m
                  [33maria-pressed[39m=[32m"true"[39m
                  [33mclass[39m=[32m"active"[39m
                  [33mtype[39m=[32m"button"[39m
                [36m>[39m
                  [0mEN[0m
                [36m</button>[39m
              [36m</div>[39m
              [36m<div[39m
                [33maria-label[39m=[32m"Appearance"[39m
                [33mclass[39m=[32m"v4-themes"[39m
                [33mrole[39m=[32m"group"[39m
              [36m>[39m
                [36m<button[39m
                  [33maria-label[39m=[32m"Light theme"[39m
                  [33maria-pressed[39m=[32m"true"[39m
                  [33mclass[39m=[32m"v4-theme-dot active"[39m
                  [33mdata-theme[39m=[32m"light"[39m
                  [33mtype[39m=[32m"button"[39m
                [36m/>[39m
                [36m<button[39m
                  [33maria-label[39m=[32m"Dark theme"[39m
                  [33maria-pressed[39m=[32m"false"[39m
                  [33mclass[39m=[32m"v4-theme-dot"[39m
                  [33mdata-theme[39m=[32m"dark"[39m
                  [33mtype[39m=[32m"button"[39m
                [36m/>[39m
                [36m<button[39m
                  [33maria-label[39m=[32m"Brand theme"[39m
                  [33maria-pressed[39m=[32m"false"[39m
                  [33mclass[39m=[32m"v4-theme-dot"[39m
                  [33mdata-theme[39m=[32m"brand"[39m
                  [33mtype[39m=[32m"button"[39m
                [36m/>[39m
              [36m</div>[39m
            [36m</div>[39m
          [36m</header>[39m
          [36m<main[39m
            [33mclass[39m=[32m"v4-main"[39m
          [36m>[39m
            [36m<section[39m
              [33maria-labelledby[39m=[32m"v4-hires-title"[39m
              [33mclass[39m=[32m"v4-screen"[39m
            [36m>[39m
              [36m<div[39m
                [33mclass[39m=[32m"v4-page-head"[39m
              [36m>[39m
                [36m<div>[39m
                  [36m<p[39m
                    [33mclass[39m=[32m"v4-eyebrow"[39m
                  [36m>[39m
                    [0mOn this page[0m
                    [0m · [0m
                    [0m0[0m
                    [0m [0m
                    [0mprofiles[0m
                  [36m</p>[39m
                  [36m<h1[39m
                    [33mid[39m=[32m"v4-hires-title"[39m
                  [36m>[39m
                    [0mManage onboarding[0m
                  [36m</h1>[39m
                  [36m<p>[39m
                    [0mTrack employee progress and status in this room.[0m
                  [36m</p>[39m
                [36m</div>[39m
                [36m<button[39m
                  [33mclass[39m=[32m"v4-primary-button"[39m
                  [33mtype[39m=[32m"button"[39m
                [36m>[39m
                  [0mCreate onboarding[0m
                [36m</button>[39m
              [36m</div>[39m
              [36m<div[39m
                [33maria-label[39m=[32m"On this page"[39m
                [33mclass[39m=[32m"v4-stats"[39m
              [36m>[39m
                [36m<button[39m
                  [33maria-pressed[39m=[32m"false"[39m
                  [33mclass[39m=[32m"v4-stat"[39m
                  [33mtype[39m=[32m"button"[39m
                [36m>[39m
                  [36m<span>[39m
                    [0mOnboarding[0m
                  [36m</span>[39m
                  [36m<strong>[39m
                    [0m0[0m
                  [36m</strong>[39m
                  [36m<small>[39m
                    [0mOn this page[0m
                  [36m</small>[39m
                [36m</button>[39m
                [36m<button[39m
                  [33maria-pressed[39m=[32m"false"[39m
                  [33mclass[39m=[32m"v4-stat"[39m
                  [33mtype[39m=[32m"button"[39m
                [36m>[39m
                  [36m<span>[39m
                    [0mCompleted[0m
                  [36m</span>[39m
                  [36m<strong>[39m
                    [0m0[0m
                  [36m</strong>[39m
                  [36m<small>[39m
                    [0mOn this page[0m
                  [36m</small>[39m
                [36m</button>[39m
                [36m<button[39m
                  [33maria-pressed[39m=[32m"false"[39m
                  [33mclass[39m=[32m"v4-stat"[39m
                  [33mtype[39m=[32m"button"[39m
                [36m>[39m
                  [36m<span>[39m
                    [0mSetting up[0m
                  [36m</span>[39m
                  [36m<strong>[39m
                    [0m0[0m
                  [36m</strong>[39m
                  [36m<small>[39m
                    [0mOn this page[0m
                  [36m</small>[39m
                [36m</button>[39m
                [36m<button[39m
                  [33maria-pressed[39m=[32m"false"[39m
                  [33mclass[39m=[32m"v4-stat"[39m
                  [33mtype[39m=[32m"button"[39m
                [36m>[39m
                  [36m<span>[39m
                    [0mNeeds attention[0m
                  [36m</span>[39m
                  [36m<strong>[39m
                    [0m0[0m
                  [36m</strong>[39m
                  [36m<small>[39m
                    [0mOn this page[0m
                  [36m</small>[39m
                [36m</button>[39m
              [36m</div>[39m
              [36m<div[39m
                [33mclass[39m=[32m"v4-toolbar v4-hires-toolbar"[39m
              [36m>[39m
                [36m<label[39m
                  [33mclass[39m=[32m"v4-search"[39m
                [36m>[39m
                  [36m<span[39m
                    [33mclass[39m=[32m"v4-visually-hidden"[39m
                  [36m>[39m
                    [0mSearch people[0m
                  [36m</span>[39m
                  [36m<input[39m
                    [33mplaceholder[39m=[32m"Search by name"[39m
                    [33mvalue[39m=[32m""[39m
                  [36m/>[39m
                [36m</label>[39m
                [36m<div[39m
                  [33mclass[39m=[32m"v4-position-typeahead"[39m
                [36m>[39m
                  [36m<label[39m
                    [33mclass[39m=[32m"v4-visually-hidden"[39m
                    [33mfor[39m=[32m"v4-position-filter"[39m
                  [36m>[39m
                    [0mFilter by position[0m
                  [36m</label>[39m
                  [36m<input[39m
                    [33maria-autocomplete[39m=[32m"list"[39m
                    [33maria-controls[39m=[32m"v4-position-options"[39m
                    [33maria-expanded[39m=[32m"true"[39m
                    [33maria-label[39m=[32m"Filter by position"[39m
                    [33mid[39m=[32m"v4-position-filter"[39m
                    [33mplaceholder[39m=[32m"All positions"[39m
                    [33mrole[39m=[32m"combobox"[39m
                    [33mvalue[39m=[32m""[39m
                  [36m/>[39m
                  [36m<div[39m
                    [33maria-label[39m=[32m"Filter by position"[39m
                    [33mclass[39m=[32m"v4-position-options"[39m
                    [33mid[39m=[32m"v4-position-options"[39m
                    [33mrole[39m=[32m"listbox"[39m
                  [36m>[39m
                    [36m<p>[39m
                      [0mNo matching positions.[0m
                    [36m</p>[39m
                  [36m</div>[39m
                [36m</div>[39m
                [36m<label[39m
                  [33mclass[39m=[32m"v4-filter"[39m
                [36m>[39m
                  [36m<span[39m
                    [33mclass[39m=[32m"v4-visually-hidden"[39m
                  [36m>[39m
                    [0mFilter by status[0m
                  [36m</span>[39m
                  [36m<select>[39m
                    [36m<option[39m
                      [33mvalue[39m=[32m"all"[39m
                    [36m>[39m
                      [0mAll statuses[0m
                    [36m</option>[39m
                    [36m<option[39m
                      [33mvalue[39m=[32m"provisioning"[39m
                    [36m>[39m
                      [0mSetting up[0m
                    [36m</option>[39m
                    [36m<option[39m
                      [33mvalue[39m=[32m"learning"[39m
                    [36m>[39m
                      [0mLearning[0m
                    [36m</option>[39m
                    [36m<option[39m
                      [33mvalue[39m=[32m"done"[39m
                    [36m>[39m
                      [0mCompleted[0m
                    [36m</option>[39m
                    [36m<option[39m
                      [33mvalue[39m=[32m"failed"[39m
                    [36m>[39m
                      [0mSetup failed[0m
                    [36m</option>[39m
                    [36m<option[39m
                      [33mvalue[39m=[32m"cancelled"[39m
                    [36m>[39m
                      [0mCancelled[0m
                    [36m</option>[39m
                  [36m</select>[39m
                [36m</label>[39m
                [36m<button[39m
                  [33mclass[39m=[32m"v4-secondary-button"[39m
                  [33mtype[39m=[32m"button"[39m
                [36m>[39m
                  [0mReset[0m
                [36m</button>[39m
              [36m</div>[39m
              [36m<p[39m
                [33maria-live[39m=[32m"polite"[39m
                [33mclass[39m=[32m"v4-list-meta"[39m
              [36m>[39m
                [0mShowing 0 profiles · on this page[0m
              [36m</p>[39m
              [36m<div[39m
                [33maria-label[39m=[32m"Employee"[39m
                [33mclass[39m=[32m"v4-table-wrap"[39m
                [33mrole[39m=[32m"region"[39m
                [33mtabindex[39m=[32m"0"[39m
              [36m>[39m
                [36m<table[39m
                  [33maria-label[39m=[32m"Employee"[39m
                [36m>[39m
                  [36m<thead>[39m
                    [36m<tr>[39m
                      [36m<th>[39m
                        [0mEmployee[0m
                      [36m</th>[39m
                      [36m<th>[39m
                        [0mPosition[0m
                      [36m</th>[39m
                      [36m<th>[39m
                        [0mStart date[0m
                      [36m</th>[39m
                      [36m<th>[39m
                        [0mRoadmap progress[0m
                      [36m</th>[39m
                      [36m<th>[39m
                        [0mQuiz scores[0m
                      [36m</th>[39m
                      [36m<th>[39m
                        [0mStatus[0m
                      [36m</th>[39m
                      [36m<th>[39m
                        [0mActions[0m
                      [36m</th>[39m
                    [36m</tr>[39m
                  [36m</thead>[39m
                  [36m<tbody />[39m
                [36m</table>[39m
                [36m<div[39m
                  [33mclass[39m=[32m"v4-table-state"[39m
                [36m>[39m
                  [36m<p>[39m
                    [0mNo matching profiles.[0m
                  [36m</p>[39m
                [36m</div>[39m
              [36m</div>[39m
              [36m<div[39m
                [33mclass[39m=[32m"v4-pager"[39m
              [36m>[39m
                [36m<button[39m
                  [33mdisabled[39m=[32m""[39m
                  [33mtype[39m=[32m"button"[39m
                [36m>[39m
                  [0mPrevious[0m
                [36m</button>[39m
                [36m<button[39m
                  [33mdisabled[39m=[32m""[39m
                  [33mtype[39m=[32m"button"[39m
                [36m>[39m
                  [0mNext[0m
                [36m</button>[39m
              [36m</div>[39m
            [36m</section>[39m
          [36m</main>[39m
        [36m</div>[39m
      [36m</div>[39m
    [36m</div>[39m
  [36m</div>[39m
[36m</body>[39m

Ignored nodes: comments, script, style
[36m<body>[39m
  [36m<div>[39m
    [36m<div[39m
      [33mclass[39m=[32m"onboarding-v4"[39m
      [33mdata-theme-mode[39m=[32m"light"[39m
      [33mlang[39m=[32m"en"[39m
    [36m>[39m
      [36m<div[39m
        [33mclass[39m=[32m"v4-app"[39m
      [36m>[39m
        [36m<aside[39m
          [33maria-label[39m=[32m"Main navigation"[39m
          [33mclass[39m=[32m"v4-sidebar"[39m
        [36m>[39m
          [36m<div[39m
            [33mclass[39m=[32m"v4-brand"[39m
          [36m>[39m
            [36m<span[39m
              [33maria-hidden[39m=[32m"true"[39m
              [33mclass[39m=[32m"v4-brand-mark"[39m
            [36m/>[39m
            [36m<span>[39m
              [36m<strong>[39m
                [0mPrivOS Onboarding[0m
              [36m</strong>[39m
              [36m<small>[39m
                [0mLearning workspace[0m
              [36m</small>[39m
            [36m</span>[39m
          [36m</div>[39m
          [36m<div[39m
            [33mclass[39m=[32m"v4-nav-label"[39m
          [36m>[39m
            [0mAdministration[0m
          [36m</div>[39m
          [36m<nav[39m
            [33maria-label[39m=[32m"Main navigation"[39m
            [33mclass[39m=[32m"v4-nav"[39m
          [36m>[39m
            [36m<button[39m
              [33maria-current[39m=[32m"page"[39m
              [33maria-label[39m=[32m"People"[39m
              [33mclass[39m=[32m"v4-nav-button active"[39m
              [33mtype[39m=[32m"button"[39m
            [36m>[39m
              [36m<svg[39m
                [33maria-hidden[39m=[32m"true"[39m
                [33mclass[39m=[32m"v4-nav-icon"[39m
                [33mfill[39m=[32m"none"[39m
                [33mstroke[39m=[32m"currentColor"[39m
                [33mstroke-linecap[39m=[32m"round"[39m
                [33mstroke-linejoin[39m=[32m"round"[39m
                [33mstroke-width[39m=[32m"1.8"[39m
                [33mviewBox[39m=[32m"0 0 24 24"[39m
              [36m>[39m
                [36m<path[39m
                  [33md[39m=[32m"M16 21v-2a4 4 0 0 0-4-4H6a4 4 0 0 0-4 4v2"[39m
                [36m/>[39m
                [36m<circle[39m
                  [33mcx[39m=[32m"9"[39m
                  [33mcy[39m=[32m"7"[39m
                  [33mr[39m=[32m"4"[39m
                [36m/>[39m
                [36m<path[39m
                  [33md[39m=[32m"M22 21v-2a4 4 0 0 0-3-3.87M16 3.13a4 4 0 0 1 0 7.75"[39m
                [36m/>[39m
              [36m</svg>[39m
              [36m<span>[39m
                [0mPeople[0m
              [36m</span>[39m
            [36m</button>[39m
            [36m<button[39m
              [33maria-label[39m=[32m"New onboarding"[39m
              [33mclass[39m=[32m"v4-nav-button"[39m
              [33mtype[39m=[32m"button"[39m
            [36m>[39m
              [36m<svg[39m
                [33maria-hidden[39m=[32m"true"[39m
                [33mclass[39m=[32m"v4-nav-icon"[39m
                [33mfill[39m=[32m"none"[39m
                [33mstroke[39m=[32m"currentColor"[39m
                [33mstroke-linecap[39m=[32m"round"[39m
                [33mstroke-linejoin[39m=[32m"round"[39m
                [33mstroke-width[39m=[32m"1.8"[39m
                [33mviewBox[39m=[32m"0 0 24 24"[39m
              [36m>[39m
                [36m<path[39m
                  [33md[39m=[32m"M12 5v14M5 12h14"[39m
                [36m/>[39m
              [36m</svg>[39m
              [36m<span>[39m
                [0mNew onboarding[0m
              [36m</span>[39m
            [36m</button>[39m
            [36m<button[39m
              [33maria-label[39m=[32m"Templates"[39m
              [33mclass[39m=[32m"v4-nav-button"[39m
              [33mtype[39m=[32m"button"[39m
            [36m>[39m
              [36m<svg[39m
                [33maria-hidden[39m=[32m"true"[39m
                [33mclass[39m=[32m"v4-nav-icon"[39m
                [33mfill[39m=[32m"none"[39m
                [33mstroke[39m=[32m"currentColor"[39m
                [33mstroke-linecap[39m=[32m"round"[39m
                [33mstroke-linejoin[39m=[32m"round"[39m
                [33mstroke-width[39m=[32m"1.8"[39m
                [33mviewBox[39m=[32m"0 0 24 24"[39m
              [36m>[39m
                [36m<rect[39m
                  [33mheight[39m=[32m"18"[39m
                  [33mrx[39m=[32m"2"[39m
                  [33mwidth[39m=[32m"18"[39m
                  [33mx[39m=[32m"3"[39m
                  [33my[39m=[32m"3"[39m
                [36m/>[39m
                [36m<path[39m
                  [33md[39m=[32m"M3 9h18M9 21V9"[39m
                [36m/>[39m
              [36m</svg>[39m
              [36m<span>[39m
                [0mTemplates[0m
              [36m</span>[39m
            [36m</button>[39m
          [36m</nav>[39m
        [36m</aside>[39m
        [36m<div[39m
          [33mclass[39m=[32m"v4-shell"[39m
        [36m>[39m
          [36m<header[39m
            [33mclass[39m=[32m"v4-topbar"[39m
          [36m>[39m
            [36m<div[39m
              [33mclass[39m=[32m"v4-context"[39m
            [36m>[39m
              [36m<strong>[39m
                [0mPeople[0m
              [36m</strong>[39m
              [36m<span>[39m
                [0mOnboarding[0m
              [36m</span>[39m
            [36m</div>[39m
            [36m<div[39m
              [33mclass[39m=[32m"v4-top-actions"[39m
            [36m>[39m
              [36m<div[39m
                [33maria-label[39m=[32m"Language"[39m
                [33mclass[39m=[32m"v4-language"[39m
                [33mrole[39m=[32m"group"[39m
              [36m>[39m
                [36m<button[39m
                  [33maria-pressed[39m=[32m"false"[39m
                  [33mclass[39m=[32m""[39m
                  [33mtype[39m=[32m"button"[39m
                [36m>[39m
                  [0mVI[0m
                [36m</button>[39m
                [36m<button[39m
                  [33maria-pressed[39m=[32m"true"[39m
                  [33mclass[39m=[32m"active"[39m
                  [33mtype[39m=[32m"button"[39m
                [36m>[39m
                  [0mEN[0m
                [36m</button>[39m
              [36m</div>[39m
              [36m<div[39m
                [33maria-label[39m=[32m"Appearance"[39m
                [33mclass[39m=[32m"v4-themes"[39m
                [33mrole[39m=[32m"group"[39m
              [36m>[39m
                [36m<button[39m
                  [33maria-label[39m=[32m"Light theme"[39m
                  [33maria-pressed[39m=[32m"true"[39m
                  [33mclass[39m=[32m"v4-theme-dot active"[39m
                  [33mdata-theme[39m=[32m"light"[39m
                  [33mtype[39m=[32m"button"[39m
                [36m/>[39m
                [36m<button[39m
                  [33maria-label[39m=[32m"Dark theme"[39m
                  [33maria-pressed[39m=[32m"false"[39m
                  [33mclass[39m=[32m"v4-theme-dot"[39m
                  [33mdata-theme[39m=[32m"dark"[39m
                  [33mtype[39m=[32m"button"[39m
                [36m/>[39m
                [36m<button[39m
                  [33maria-label[39m=[32m"Brand theme"[39m
                  [33maria-pressed[39m=[32m"false"[39m
                  [33mclass[39m=[32m"v4-theme-dot"[39m
                  [33mdata-theme[39m=[32m"brand"[39m
                  [33mtype[39m=[32m"button"[39m
                [36m/>[39m
              [36m</div>[39m
            [36m</div>[39m
          [36m</header>[39m
          [36m<main[39m
            [33mclass[39m=[32m"v4-main"[39m
          [36m>[39m
            [36m<section[39m
              [33maria-labelledby[39m=[32m"v4-hires-title"[39m
              [33mclass[39m=[32m"v4-screen"[39m
            [36m>[39m
              [36m<div[39m
                [33mclass[39m=[32m"v4-page-head"[39m
              [36m>[39m
                [36m<div>[39m
                  [36m<p[39m
                    [33mclass[39m=[32m"v4-eyebrow"[39m
                  [36m>[39m
                    [0mOn this page[0m
                    [0m · [0m
                    [0m0[0m
                    [0m [0m
                    [0mprofiles[0m
                  [36m</p>[39m
                  [36m<h1[39m
                    [33mid[39m=[32m"v4-hires-title"[39m
                  [36m>[39m
                    [0mManage onboarding[0m
                  [36m</h1>[39m
                  [36m<p>[39m
                    [0mTrack employee progress and status in this room.[0m
                  [36m</p>[39m
                [36m</div>[39m
                [36m<button[39m
                  [33mclass[39m=[32m"v4-primary-button"[39m
                  [33mtype[39m=[32m"button"[39m
                [36m>[39m
                  [0mCreate onboarding[0m
                [36m</button>[39m
              [36m</div>[39m
              [36m<div[39m
                [33maria-label[39m=[32m"On this page"[39m
                [33mclass[39m=[32m"v4-stats"[39m
              [36m>[39m
                [36m<button[39m
                  [33maria-pressed[39m=[32m"false"[39m
                  [33mclass[39m=[32m"v4-stat"[39m
                  [33mtype[39m=[32m"button"[39m
                [36m>[39m
                  [36m<span>[39m
                    [0mOnboarding[0m
                  [36m</span>[39m
                  [36m<strong>[39m
                    [0m0[0m
                  [36m</strong>[39m
                  [36m<small>[39m
                    [0mOn this page[0m
                  [36m</small>[39m
                [36m</button>[39m
                [36m<button[39m
                  [33maria-pressed[39m=[32m"false"[39m
                  [33mclass[39m=[32m"v4-stat"[39m
                  [33mtype[39m=[32m"button"[39m
                [36m>[39m
                  [36m<span>[39m
                    [0mCompleted[0m
                  [36m</span>[39m
                  [36m<strong>[39m
                    [0m0[0m
                  [36m</strong>[39m
                  [36m<small>[39m
                    [0mOn this page[0m
                  [36m</small>[39m
                [36m</button>[39m
                [36m<button[39m
                  [33maria-pressed[39m=[32m"false"[39m
                  [33mclass[39m=[32m"v4-stat"[39m
                  [33mtype[39m=[32m"button"[39m
                [36m>[39m
                  [36m<span>[39m
                    [0mSetting up[0m
                  [36m</span>[39m
                  [36m<strong>[39m
                    [0m0[0m
                  [36m</strong>[39m
                  [36m<small>[39m
                    [0mOn this page[0m
                  [36m</small>[39m
                [36m</button>[39m
                [36m<button[39m
                  [33maria-pressed[39m=[32m"false"[39m
                  [33mclass[39m=[32m"v4-stat"[39m
                  [33mtype[39m=[32m"button"[39m
                [36m>[39m
                  [36m<span>[39m
                    [0mNeeds attention[0m
                  [36m</span>[39m
                  [36m<strong>[39m
                    [0m0[0m
                  [36m</strong>[39m
                  [36m<small>[39m
                    [0mOn this page[0m
                  [36m</small>[39m
                [36m</button>[39m
              [36m</div>[39m
              [36m<div[39m
                [33mclass[39m=[32m"v4-toolbar v4-hires-toolbar"[39m
              [36m>[39m
                [36m<label[39m
                  [33mclass[39m=[32m"v4-search"[39m
                [36m>[39m
                  [36m<span[39m
                    [33mclass[39m=[32m"v4-visually-hidden"[39m
                  [36m>[39m
                    [0mSearch people[0m
                  [36m</span>[39m
                  [36m<input[39m
                    [33mplaceholder[39m=[32m"Search by name"[39m
                    [33mvalue[39m=[32m""[39m
                  [36m/>[39m
                [36m</label>[39m
                [36m<div[39m
                  [33mclass[39m=[32m"v4-position-typeahead"[39m
                [36m>[39m
                  [36m<label[39m
                    [33mclass[39m=[32m"v4-visually-hidden"[39m
                    [33mfor[39m=[32m"v4-position-filter"[39m
                  [36m>[39m
                    [0mFilter by position[0m
                  [36m</label>[39m
                  [36m<input[39m
                    [33maria-autocomplete[39m=[32m"list"[39m
                    [33maria-controls[39m=[32m"v4-position-options"[39m
                    [33maria-expanded[39m=[32m"true"[39m
                    [33maria-label[39m=[32m"Filter by position"[39m
                    [33mid[39m=[32m"v4-position-filter"[39m
                    [33mplaceholder[39m=[32m"All positions"[39m
                    [33mrole[39m=[32m"combobox"[39m
                    [33mvalue[39m=[32m""[39m
                  [36m/>[39m
                  [36m<div[39m
                    [33maria-label[39m=[32m"Filter by position"[39m
                    [33mclass[39m=[32m"v4-position-options"[39m
                    [33mid[39m=[32m"v4-position-options"[39m
                    [33mrole[39m=[32m"listbox"[39m
                  [36m>[39m
                    [36m<p>[39m
                      [0mNo matching positions.[0m
                    [36m</p>[39m
                  [36m</div>[39m
                [36m</div>[39m
                [36m<label[39m
                  [33mclass[39m=[32m"v4-filter"[39m
                [36m>[39m
                  [36m<span[39m
                    [33mclass[39m=[32m"v4-visually-hidden"[39m
                  [36m>[39m
                    [0mFilter by status[0m
                  [36m</span>[39m
                  [36m<select>[39m
                    [36m<option[39m
                      [33mvalue[39m=[32m"all"[39m
                    [36m>[39m
                      [0mAll statuses[0m
                    [36m</option>[39m
                    [36m<option[39m
                      [33mvalue[39m=[32m"provisioning"[39m
                    [36m>[39m
                      [0mSetting up[0m
                    [36m</option>[39m
                    [36m<option[39m
                      [33mvalue[39m=[32m"learning"[39m
                    [36m>[39m
                      [0mLearning[0m
                    [36m</option>[39m
                    [36m<option[39m
                      [33mvalue[39m=[32m"done"[39m
                    [36m>[39m
                      [0mCompleted[0m
                    [36m</option>[39m
                    [36m<option[39m
                      [33mvalue[39m=[32m"failed"[39m
                    [36m>[39m
                      [0mSetup failed[0m
                    [36m</option>[39m
                    [36m<option[39m
                      [33mvalue[39m=[32m"cancelled"[39m
                    [36m>[39m
                      [0mCancelled[0m
                    [36m</option>[39m
                  [36m</select>[39m
                [36m</label>[39m
                [36m<button[39m
                  [33mclass[39m=[32m"v4-secondary-button"[39m
                  [33mtype[39m=[32m"button"[39m
                [36m>[39m
                  [0mReset[0m
                [36m</button>[39m
              [36m</div>[39m
              [36m<p[39m
                [33maria-live[39m=[32m"polite"[39m
                [33mclass[39m=[32m"v4-list-meta"[39m
              [36m>[39m
                [0mShowing 0 profiles · on this page[0m
              [36m</p>[39m
              [36m<div[39m
                [33maria-label[39m=[32m"Employee"[39m
                [33mclass[39m=[32m"v4-table-wrap"[39m
                [33mrole[39m=[32m"region"[39m
                [33mtabindex[39m=[32m"0"[39m
              [36m>[39m
                [36m<table[39m
                  [33maria-label[39m=[32m"Employee"[39m
                [36m>[39m
                  [36m<thead>[39m
                    [36m<tr>[39m
                      [36m<th>[39m
                        [0mEmployee[0m
                      [36m</th>[39m
                      [36m<th>[39m
                        [0mPosition[0m
                      [36m</th>[39m
                      [36m<th>[39m
                        [0mStart date[0m
                      [36m</th>[39m
                      [36m<th>[39m
                        [0mRoadmap progress[0m
                      [36m</th>[39m
                      [36m<th>[39m
                        [0mQuiz scores[0m
                      [36m</th>[39m
                      [36m<th>[39m
                        [0mStatus[0m
                      [36m</th>[39m
                      [36m<th>[39m
                        [0mActions[0m
                      [36m</th>[39m
                    [36m</tr>[39m
                  [36m</thead>[39m
                  [36m<tbody />[39m
                [36m</table>[39m
                [36m<div[39m
                  [33mclass[39m=[32m"v4-table-state"[39m
                [36m>[39m
                  [36m<p>[39m
                    [0mNo matching profiles.[0m
                  [36m</p>[39m
                [36m</div>[39m
              [36m</div>[39m
              [36m<div[39m
                [33mclass[39m=[32m"v4-pager"[39m
              [36m>[39m
                [36m<button[39m
                  [33mdisabled[39m=[32m""[39m
                  [33mtype[39m=[32m"button"[39m
                [36m>[39m
                  [0mPrevious[0m
                [36m</button>[39m
                [36m<button[39m
                  [33mdisabled[39m=[32m""[39m
                  [33mtype[39m=[32m"button"[39m
                [36m>[39m
                  [0mNext[0m
                [36m</button>[39m
              [36m</div>[39m
            [36m</section>[39m
          [36m</main>[39m
        [36m</div>[39m
      [36m</div>[39m
    [36m</div>[39m
  [36m</div>[39m
[36m</body>[39m

⎯⎯⎯⎯⎯⎯⎯ Failed Tests 7 ⎯⎯⎯⎯⎯⎯⎯

 FAIL  tests/onboarding/v4-bootstrap.spec.tsx > v4 room bootstrap surface > keeps the newest-first order and filters when returning from a newly saved template
TestingLibraryElementError: Unable to find an accessible element with the role "button" and name "Draft"

Here are the accessible roles:

  complementary:

  Name "Main navigation":
  [36m<aside[39m
    [33maria-label[39m=[32m"Main navigation"[39m
    [33mclass[39m=[32m"v4-sidebar"[39m
  [36m/>[39m

  --------------------------------------------------
  strong:

  Name "":
  [36m<strong />[39m

  Name "":
  [36m<strong />[39m

  --------------------------------------------------
  navigation:

  Name "Main navigation":
  [36m<nav[39m
    [33maria-label[39m=[32m"Main navigation"[39m
    [33mclass[39m=[32m"v4-nav"[39m
  [36m/>[39m

  --------------------------------------------------
  button:

  Name "People":
  [36m<button[39m
    [33maria-label[39m=[32m"People"[39m
    [33mclass[39m=[32m"v4-nav-button"[39m
    [33mtype[39m=[32m"button"[39m
  [36m/>[39m

  Name "New onboarding":
  [36m<button[39m
    [33maria-label[39m=[32m"New onboarding"[39m
    [33mclass[39m=[32m"v4-nav-button"[39m
    [33mtype[39m=[32m"button"[39m
  [36m/>[39m

  Name "Templates":
  [36m<button[39m
    [33maria-current[39m=[32m"page"[39m
    [33maria-label[39m=[32m"Templates"[39m
    [33mclass[39m=[32m"v4-nav-button active"[39m
    [33mtype[39m=[32m"button"[39m
  [36m/>[39m

  Name "VI":
  [36m<button[39m
    [33maria-pressed[39m=[32m"false"[39m
    [33mclass[39m=[32m""[39m
    [33mtype[39m=[32m"button"[39m
  [36m/>[39m

  Name "EN":
  [36m<button[39m
    [33maria-pressed[39m=[32m"true"[39m
    [33mclass[39m=[32m"active"[39m
    [33mtype[39m=[32m"button"[39m
  [36m/>[39m

  Name "Light theme":
  [36m<button[39m
    [33maria-label[39m=[32m"Light theme"[39m
    [33maria-pressed[39m=[32m"true"[39m
    [33mclass[39m=[32m"v4-theme-dot active"[39m
    [33mdata-theme[39m=[32m"light"[39m
    [33mtype[39m=[32m"button"[39m
  [36m/>[39m

  Name "Dark theme":
  [36m<button[39m
    [33maria-label[39m=[32m"Dark theme"[39m
    [33maria-pressed[39m=[32m"false"[39m
    [33mclass[39m=[32m"v4-theme-dot"[39m
    [33mdata-theme[39m=[32m"dark"[39m
    [33mtype[39m=[32m"button"[39m
  [36m/>[39m

  Name "Brand theme":
  [36m<button[39m
    [33maria-label[39m=[32m"Brand theme"[39m
    [33maria-pressed[39m=[32m"false"[39m
    [33mclass[39m=[32m"v4-theme-dot"[39m
    [33mdata-theme[39m=[32m"brand"[39m
    [33mtype[39m=[32m"button"[39m
  [36m/>[39m

  Name "Create template":
  [36m<button[39m
    [33mclass[39m=[32m"v4-primary-button"[39m
    [33mtype[39m=[32m"button"[39m
  [36m/>[39m

  Name "Reset":
  [36m<button[39m
    [33mclass[39m=[32m"v4-secondary-button"[39m
    [33mtype[39m=[32m"button"[39m
  [36m/>[39m

  Name "Previous":
  [36m<button[39m
    [33mdisabled[39m=[32m""[39m
    [33mtype[39m=[32m"button"[39m
  [36m/>[39m

  Name "Next":
  [36m<button[39m
    [33mdisabled[39m=[32m""[39m
    [33mtype[39m=[32m"button"[39m
  [36m/>[39m

  --------------------------------------------------
  banner:

  Name "":
  [36m<header[39m
    [33mclass[39m=[32m"v4-topbar"[39m
  [36m/>[39m

  --------------------------------------------------
  group:

  Name "Language":
  [36m<div[39m
    [33maria-label[39m=[32m"Language"[39m
    [33mclass[39m=[32m"v4-language"[39m
    [33mrole[39m=[32m"group"[39m
  [36m/>[39m

  Name "Appearance":
  [36m<div[39m
    [33maria-label[39m=[32m"Appearance"[39m
    [33mclass[39m=[32m"v4-themes"[39m
    [33mrole[39m=[32m"group"[39m
  [36m/>[39m

  --------------------------------------------------
  main:

  Name "":
  [36m<main[39m
    [33mclass[39m=[32m"v4-main"[39m
  [36m/>[39m

  --------------------------------------------------
  region:

  Name "Templates by position":
  [36m<section[39m
    [33maria-labelledby[39m=[32m"v4-positions-title"[39m
    [33mclass[39m=[32m"v4-screen"[39m
  [36m/>[39m

  Name "Templates by position":
  [36m<div[39m
    [33maria-label[39m=[32m"Templates by position"[39m
    [33mclass[39m=[32m"v4-table-wrap"[39m
    [33mrole[39m=[32m"region"[39m
    [33mtabindex[39m=[32m"0"[39m
  [36m/>[39m

  --------------------------------------------------
  paragraph:

  Name "":
  [36m<p[39m
    [33mclass[39m=[32m"v4-eyebrow"[39m
  [36m/>[39m

  Name "":
  [36m<p />[39m

  Name "":
  [36m<p[39m
    [33maria-live[39m=[32m"polite"[39m
    [33mclass[39m=[32m"v4-list-meta"[39m
  [36m/>[39m

  Name "":
  [36m<p />[39m

  --------------------------------------------------
  heading:

  Name "Templates by position":
  [36m<h1[39m
    [33mid[39m=[32m"v4-positions-title"[39m
  [36m/>[39m

  --------------------------------------------------
  textbox:

  Name "Search positions":
  [36m<input[39m
    [33mplaceholder[39m=[32m"Search positions"[39m
    [33mvalue[39m=[32m""[39m
  [36m/>[39m

  --------------------------------------------------
  combobox:

  Name "Filter template status":
  [36m<select />[39m

  --------------------------------------------------
  option:

  Name "All statuses":
  [36m<option[39m
    [33mvalue[39m=[32m"all"[39m
  [36m/>[39m

  Name "Draft":
  [36m<option[39m
    [33mvalue[39m=[32m"draft"[39m
  [36m/>[39m

  Name "Ready":
  [36m<option[39m
    [33mvalue[39m=[32m"ready"[39m
  [36m/>[39m

  Name "Disabled":
  [36m<option[39m
    [33mvalue[39m=[32m"disabled"[39m
  [36m/>[39m

  --------------------------------------------------
  table:

  Name "Templates by position":
  [36m<table[39m
    [33maria-label[39m=[32m"Templates by position"[39m
  [36m/>[39m

  --------------------------------------------------
  rowgroup:

  Name "":
  [36m<thead />[39m

  Name "":
  [36m<tbody />[39m

  --------------------------------------------------
  row:

  Name "Position Weeks Days Lessons Questions Missing answers In use Status Actions":
  [36m<tr />[39m

  --------------------------------------------------
  columnheader:

  Name "Position":
  [36m<th />[39m

  Name "Weeks":
  [36m<th />[39m

  Name "Days":
  [36m<th />[39m

  Name "Lessons":
  [36m<th />[39m

  Name "Questions":
  [36m<th />[39m

  Name "Missing answers":
  [36m<th />[39m

  Name "In use":
  [36m<th />[39m

  Name "Status":
  [36m<th />[39m

  Name "Actions":
  [36m<th />[39m

  --------------------------------------------------

Ignored nodes: comments, script, style
[36m<body>[39m
  [36m<div>[39m
    [36m<div[39m
      [33mclass[39m=[32m"onboarding-v4"[39m
      [33mdata-theme-mode[39m=[32m"light"[39m
      [33mlang[39m=[32m"en"[39m
    [36m>[39m
      [36m<div[39m
        [33mclass[39m=[32m"v4-app"[39m
      [36m>[39m
        [36m<aside[39m
          [33maria-label[39m=[32m"Main navigation"[39m
          [33mclass[39m=[32m"v4-sidebar"[39m
        [36m>[39m
          [36m<div[39m
            [33mclass[39m=[32m"v4-brand"[39m
          [36m>[39m
            [36m<span[39m
              [33maria-hidden[39m=[32m"true"[39m
              [33mclass[39m=[32m"v4-brand-mark"[39m
            [36m/>[39m
            [36m<span>[39m
              [36m<strong>[39m
                [0mPrivOS Onboarding[0m
              [36m</strong>[39m
              [36m<small>[39m
                [0mLearning workspace[0m
              [36m</small>[39m
            [36m</span>[39m
          [36m</div>[39m
          [36m<div[39m
            [33mclass[39m=[32m"v4-nav-label"[39m
          [36m>[39m
            [0mAdministration[0m
          [36m</div>[39m
          [36m<nav[39m
            [33maria-label[39m=[32m"Main navigation"[39m
            [33mclass[39m=[32m"v4-nav"[39m
          [36m>[39m
            [36m<button[39m
              [33maria-label[39m=[32m"People"[39m
              [33mclass[39m=[32m"v4-nav-button"[39m
              [33mtype[39m=[32m"button"[39m
            [36m>[39m
              [36m<svg[39m
                [33maria-hidden[39m=[32m"true"[39m
                [33mclass[39m=[32m"v4-nav-icon"[39m
                [33mfill[39m=[32m"none"[39m
                [33mstroke[39m=[32m"currentColor"[39m
                [33mstroke-linecap[39m=[32m"round"[39m
                [33mstroke-linejoin[39m=[32m"round"[39m
                [33mstroke-width[39m=[32m"1.8"[39m
                [33mviewBox[39m=[32m"0 0 24 24"[39m
              [36m>[39m
                [36m<path[39m
                  [33md[39m=[32m"M16 21v-2a4 4 0 0 0-4-4H6a4 4 0 0 0-4 4v2"[39m
                [36m/>[39m
                [36m<circle[39m
                  [33mcx[39m=[32m"9"[39m
                  [33mcy[39m=[32m"7"[39m
                  [33mr[39m=[32m"4"[39m
                [36m/>[39m
                [36m<path[39m
                  [33md[39m=[32m"M22 21v-2a4 4 0 0 0-3-3.87M16 3.13a4 4 0 0 1 0 7.75"[39m
                [36m/>[39m
              [36m</svg>[39m
              [36m<span>[39m
                [0mPeople[0m
              [36m</span>[39m
            [36m</button>[39m
            [36m<button[39m
              [33maria-label[39m=[32m"New onboarding"[39m
              [33mclass[39m=[32m"v4-nav-button"[39m
              [33mtype[39m=[32m"button"[39m
            [36m>[39m
              [36m<svg[39m
                [33maria-hidden[39m=[32m"true"[39m
                [33mclass[39m=[32m"v4-nav-icon"[39m
                [33mfill[39m=[32m"none"[39m
                [33mstroke[39m=[32m"currentColor"[39m
                [33mstroke-linecap[39m=[32m"round"[39m
                [33mstroke-linejoin[39m=[32m"round"[39m
                [33mstroke-width[39m=[32m"1.8"[39m
                [33mviewBox[39m=[32m"0 0 24 24"[39m
              [36m>[39m
                [36m<path[39m
                  [33md[39m=[32m"M12 5v14M5 12h14"[39m
                [36m/>[39m
              [36m</svg>[39m
              [36m<span>[39m
                [0mNew onboarding[0m
              [36m</span>[39m
            [36m</button>[39m
            [36m<button[39m
              [33maria-current[39m=[32m"page"[39m
              [33maria-label[39m=[32m"Templates"[39m
              [33mclass[39m=[32m"v4-nav-button active"[39m
              [33mtype[39m=[32m"button"[39m
            [36m>[39m
              [36m<svg[39m
                [33maria-hidden[39m=[32m"true"[39m
                [33mclass[39m=[32m"v4-nav-icon"[39m
                [33mfill[39m=[32m"none"[39m
                [33mstroke[39m=[32m"currentColor"[39m
                [33mstroke-linecap[39m=[32m"round"[39m
                [33mstroke-linejoin[39m=[32m"round"[39m
                [33mstroke-width[39m=[32m"1.8"[39m
                [33mviewBox[39m=[32m"0 0 24 24"[39m
              [36m>[39m
                [36m<rect[39m
                  [33mheight[39m=[32m"18"[39m
                  [33mrx[39m=[32m"2"[39m
                  [33mwidth[39m=[32m"18"[39m
                  [33mx[39m=[32m"3"[39m
                  [33my[39m=[32m"3"[39m
                [36m/>[39m
                [36m<path[39m
                  [33md[39m=[32m"M3 9h18M9 21V9"[39m
                [36m/>[39m
              [36m</svg>[39m
              [36m<span>[39m
                [0mTemplates[0m
              [36m</span>[39m
            [36m</button>[39m
          [36m</nav>[39m
        [36m</aside>[39m
        [36m<div[39m
          [33mclass[39m=[32m"v4-shell"[39m
        [36m>[39m
          [36m<header[39m
            [33mclass[39m=[32m"v4-topbar"[39m
          [36m>[39m
            [36m<div[39m
              [33mclass[39m=[32m"v4-context"[39m
            [36m>[39m
              [36m<strong>[39m
                [0mTemplates[0m
              [36m</strong>[39m
              [36m<span>[39m
                [0mOnboarding[0m
              [36m</span>[39m
            [36m</div>[39m
            [36m<div[39m
              [33mclass[39m=[32m"v4-top-actions"[39m
            [36m>[39m
              [36m<div[39m
                [33maria-label[39m=[32m"Language"[39m
                [33mclass[39m=[32m"v4-language"[39m
                [33mrole[39m=[32m"group"[39m
              [36m>[39m
                [36m<button[39m
                  [33maria-pressed[39m=[32m"false"[39m
                  [33mclass[39m=[32m""[39m
                  [33mtype[39m=[32m"button"[39m
                [36m>[39m
                  [0mVI[0m
                [36m</button>[39m
                [36m<button[39m
                  [33maria-pressed[39m=[32m"true"[39m
                  [33mclass[39m=[32m"active"[39m
                  [33mtype[39m=[32m"button"[39m
                [36m>[39m
                  [0mEN[0m
                [36m</button>[39m
              [36m</div>[39m
              [36m<div[39m
                [33maria-label[39m=[32m"Appearance"[39m
                [33mclass[39m=[32m"v4-themes"[39m
                [33mrole[39m=[32m"group"[39m
              [36m>[39m
                [36m<button[39m
                  [33maria-label[39m=[32m"Light theme"[39m
                  [33maria-pressed[39m=[32m"true"[39m
                  [33mclass[39m=[32m"v4-theme-dot active"[39m
                  [33mdata-theme[39m=[32m"light"[39m
                  [33mtype[39m=[32m"button"[39m
                [36m/>[39m
                [36m<button[39m
                  [33maria-label[39m=[32m"Dark theme"[39m
                  [33maria-pressed[39m=[32m"false"[39m
                  [33mclass[39m=[32m"v4-theme-dot"[39m
                  [33mdata-theme[39m=[32m"dark"[39m
                  [33mtype[39m=[32m"button"[39m
                [36m/>[39m
                [36m<button[39m
                  [33maria-label[39m=[32m"Brand theme"[39m
                  [33maria-pressed[39m=[32m"false"[39m
                  [33mclass[39m=[32m"v4-theme-dot"[39m
                  [33mdata-theme[39m=[32m"brand"[39m
                  [33mtype[39m=[32m"button"[39m
                [36m/>[39m
              [36m</div>[39m
            [36m</div>[39m
          [36m</header>[39m
          [36m<main[39m
            [33mclass[39m=[32m"v4-main"[39m
          [36m>[39m
            [36m<section[39m
              [33maria-labelledby[39m=[32m"v4-positions-title"[39m
              [33mclass[39m=[32m"v4-screen"[39m
            [36m>[39m
              [36m<div[39m
                [33mclass[39m=[32m"v4-page-head"[39m
              [36m>[39m
                [36m<div>[39m
                  [36m<p[39m
                    [33mclass[39m=[32m"v4-eyebrow"[39m
                  [36m>[39m
                    [0mPosition templates[0m
                  [36m</p>[39m
                  [36m<h1[39m
                    [33mid[39m=[32m"v4-positions-title"[39m
                  [36m>[39m
                    [0mTemplates by position[0m
                  [36m</h1>[39m
                  [36m<p>[39m
                    [0mEach position has an onboarding template.[0m
                  [36m</p>[39m
                [36m</div>[39m
                [36m<button[39m
                  [33mclass[39m=[32m"v4-primary-button"[39m
                  [33mtype[39m=[32m"button"[39m
                [36m>[39m
                  [0mCreate template[0m
                [36m</button>[39m
              [36m</div>[39m
              [36m<div[39m
                [33mclass[39m=[32m"v4-toolbar"[39m
              [36m>[39m
                [36m<label[39m
                  [33mclass[39m=[32m"v4-search"[39m
                [36m>[39m
                  [36m<span[39m
                    [33mclass[39m=[32m"v4-visually-hidden"[39m
                  [36m>[39m
                    [0mSearch positions[0m
                  [36m</span>[39m
                  [36m<input[39m
                    [33mplaceholder[39m=[32m"Search positions"[39m
                    [33mvalue[39m=[32m""[39m
                  [36m/>[39m
                [36m</label>[39m
                [36m<label[39m
                  [33mclass[39m=[32m"v4-filter"[39m
                [36m>[39m
                  [36m<span[39m
                    [33mclass[39m=[32m"v4-visually-hidden"[39m
                  [36m>[39m
                    [0mFilter template status[0m
                  [36m</span>[39m
                  [36m<select>[39m
                    [36m<option[39m
                      [33mvalue[39m=[32m"all"[39m
                    [36m>[39m
                      [0mAll statuses[0m
                    [36m</option>[39m
                    [36m<option[39m
                      [33mvalue[39m=[32m"draft"[39m
                    [36m>[39m
                      [0mDraft[0m
                    [36m</option>[39m
                    [36m<option[39m
                      [33mvalue[39m=[32m"ready"[39m
                    [36m>[39m
                      [0mReady[0m
                    [36m</option>[39m
                    [36m<option[39m
                      [33mvalue[39m=[32m"disabled"[39m
                    [36m>[39m
                      [0mDisabled[0m
                    [36m</option>[39m
                  [36m</select>[39m
                [36m</label>[39m
                [36m<button[39m
                  [33mclass[39m=[32m"v4-secondary-button"[39m
                  [33mtype[39m=[32m"button"[39m
                [36m>[39m
                  [0mReset[0m
                [36m</button>[39m
              [36m</div>[39m
              [36m<p[39m
                [33maria-live[39m=[32m"polite"[39m
                [33mclass[39m=[32m"v4-list-meta"[39m
              [36m>[39m
                [0mShowing 0 positions · on this page[0m
              [36m</p>[39m
              [36m<div[39m
                [33maria-label[39m=[32m"Templates by position"[39m
                [33mclass[39m=[32m"v4-table-wrap"[39m
                [33mrole[39m=[32m"region"[39m
                [33mtabindex[39m=[32m"0"[39m
              [36m>[39m
                [36m<table[39m
                  [33maria-label[39m=[32m"Templates by position"[39m
                [36m>[39m
                  [36m<thead>[39m
                    [36m<tr>[39m
                      [36m<th>[39m
                        [0mPosition[0m
                      [36m</th>[39m
                      [36m<th>[39m
                        [0mWeeks[0m
                      [36m</th>[39m
                      [36m<th>[39m
                        [0mDays[0m
                      [36m</th>[39m
                      [36m<th>[39m
                        [0mLessons[0m
                      [36m</th>[39m
                      [36m<th>[39m
                        [0mQuestions[0m
                      [36m</th>[39m
                      [36m<th>[39m
                        [0mMissing answers[0m
                      [36m</th>[39m
                      [36m<th>[39m
                        [0mIn use[0m
                      [36m</th>[39m
                      [36m<th>[39m
                        [0mStatus[0m
                      [36m</th>[39m
                      [36m<th>[39m
                        [0mActions[0m
                      [36m</th>[39m
                    [36m</tr>[39m
                  [36m</thead>[39m
                  [36m<tbody />[39m
                [36m</table>[39m
                [36m<div[39m
                  [33mclass[39m=[32m"v4-table-state"[39m
                [36m>[39m
                  [36m<p>[39m
                    [0mNo matching positions.[0m
                  [36m</p>[39m
                [36m</div>[39m
              [36m</div>[39m
              [36m<div[39m
                [33mclass[39m=[32m"v4-pager"[39m
              [36m>[39m
                [36m<button[39m
                  [33mdisabled[39m=[32m""[39m
                  [33mtype[39m=[32m"button"[39m
                [36m>[39m
                  [0mPrevious[0m
                [36m</button>[39m
                [36m<button[39m
                  [33mdisabled[39m=[32m""[39m
                  [33mtype[39m=[32m"button"[39m
                [36m>[39m
                  [0mNext[0m
                [36m</button>[39m
              [36m</div>[39m
            [36m</section>[39m
          [36m</main>[39m
        [36m</div>[39m
      [36m</div>[39m
    [36m</div>[39m
  [36m</div>[39m
[36m</body>[39m
 ❯ Object.getElementError node_modules/@testing-library/dom/dist/config.js:37:19
 ❯ node_modules/@testing-library/dom/dist/query-helpers.js:76:38
 ❯ node_modules/@testing-library/dom/dist/query-helpers.js:52:17
 ❯ node_modules/@testing-library/dom/dist/query-helpers.js:95:19
 ❯ tests/onboarding/v4-bootstrap.spec.tsx:60:29
     58|     await user.click(screen.getByRole('button', { name: /^Templates$/ …
     59|     await screen.findByText('No matching positions.');
     60|     await user.click(screen.getByRole('button', { name: 'Draft' }));
       |                             ^
     61|     await user.type(screen.getByRole('textbox', { name: 'Search positi…
     62|     await waitFor(() => expect(mocks.positions).toHaveBeenLastCalledWi…

⎯⎯⎯⎯⎯⎯⎯⎯⎯⎯⎯⎯⎯⎯⎯⎯⎯⎯⎯⎯⎯⎯⎯⎯[1/7]⎯

 FAIL  tests/onboarding/v4-bootstrap.spec.tsx > v4 room bootstrap surface > discards the old cursor and preserves the status filter after disabling a template
TestingLibraryElementError: Unable to find an accessible element with the role "button" and name "Ready"

Here are the accessible roles:

  complementary:

  Name "Main navigation":
  [36m<aside[39m
    [33maria-label[39m=[32m"Main navigation"[39m
    [33mclass[39m=[32m"v4-sidebar"[39m
  [36m/>[39m

  --------------------------------------------------
  strong:

  Name "":
  [36m<strong />[39m

  Name "":
  [36m<strong />[39m

  Name "":
  [36m<strong />[39m

  --------------------------------------------------
  navigation:

  Name "Main navigation":
  [36m<nav[39m
    [33maria-label[39m=[32m"Main navigation"[39m
    [33mclass[39m=[32m"v4-nav"[39m
  [36m/>[39m

  --------------------------------------------------
  button:

  Name "People":
  [36m<button[39m
    [33maria-label[39m=[32m"People"[39m
    [33mclass[39m=[32m"v4-nav-button"[39m
    [33mtype[39m=[32m"button"[39m
  [36m/>[39m

  Name "New onboarding":
  [36m<button[39m
    [33maria-label[39m=[32m"New onboarding"[39m
    [33mclass[39m=[32m"v4-nav-button"[39m
    [33mtype[39m=[32m"button"[39m
  [36m/>[39m

  Name "Templates":
  [36m<button[39m
    [33maria-current[39m=[32m"page"[39m
    [33maria-label[39m=[32m"Templates"[39m
    [33mclass[39m=[32m"v4-nav-button active"[39m
    [33mtype[39m=[32m"button"[39m
  [36m/>[39m

  Name "VI":
  [36m<button[39m
    [33maria-pressed[39m=[32m"false"[39m
    [33mclass[39m=[32m""[39m
    [33mtype[39m=[32m"button"[39m
  [36m/>[39m

  Name "EN":
  [36m<button[39m
    [33maria-pressed[39m=[32m"true"[39m
    [33mclass[39m=[32m"active"[39m
    [33mtype[39m=[32m"button"[39m
  [36m/>[39m

  Name "Light theme":
  [36m<button[39m
    [33maria-label[39m=[32m"Light theme"[39m
    [33maria-pressed[39m=[32m"true"[39m
    [33mclass[39m=[32m"v4-theme-dot active"[39m
    [33mdata-theme[39m=[32m"light"[39m
    [33mtype[39m=[32m"button"[39m
  [36m/>[39m

  Name "Dark theme":
  [36m<button[39m
    [33maria-label[39m=[32m"Dark theme"[39m
    [33maria-pressed[39m=[32m"false"[39m
    [33mclass[39m=[32m"v4-theme-dot"[39m
    [33mdata-theme[39m=[32m"dark"[39m
    [33mtype[39m=[32m"button"[39m
  [36m/>[39m

  Name "Brand theme":
  [36m<button[39m
    [33maria-label[39m=[32m"Brand theme"[39m
    [33maria-pressed[39m=[32m"false"[39m
    [33mclass[39m=[32m"v4-theme-dot"[39m
    [33mdata-theme[39m=[32m"brand"[39m
    [33mtype[39m=[32m"button"[39m
  [36m/>[39m

  Name "Create template":
  [36m<button[39m
    [33mclass[39m=[32m"v4-primary-button"[39m
    [33mtype[39m=[32m"button"[39m
  [36m/>[39m

  Name "Reset":
  [36m<button[39m
    [33mclass[39m=[32m"v4-secondary-button"[39m
    [33mtype[39m=[32m"button"[39m
  [36m/>[39m

  Name "Open":
  [36m<button[39m
    [33mclass[39m=[32m"v4-row-button"[39m
    [33mtype[39m=[32m"button"[39m
  [36m/>[39m

  Name "Copy":
  [36m<button[39m
    [33mclass[39m=[32m"v4-row-button"[39m
    [33mtype[39m=[32m"button"[39m
  [36m/>[39m

  Name "Disable":
  [36m<button[39m
    [33mclass[39m=[32m"v4-row-button"[39m
    [33mtype[39m=[32m"button"[39m
  [36m/>[39m

  Name "Previous":
  [36m<button[39m
    [33mdisabled[39m=[32m""[39m
    [33mtype[39m=[32m"button"[39m
  [36m/>[39m

  Name "Next":
  [36m<button[39m
    [33mtype[39m=[32m"button"[39m
  [36m/>[39m

  --------------------------------------------------
  banner:

  Name "":
  [36m<header[39m
    [33mclass[39m=[32m"v4-topbar"[39m
  [36m/>[39m

  --------------------------------------------------
  group:

  Name "Language":
  [36m<div[39m
    [33maria-label[39m=[32m"Language"[39m
    [33mclass[39m=[32m"v4-language"[39m
    [33mrole[39m=[32m"group"[39m
  [36m/>[39m

  Name "Appearance":
  [36m<div[39m
    [33maria-label[39m=[32m"Appearance"[39m
    [33mclass[39m=[32m"v4-themes"[39m
    [33mrole[39m=[32m"group"[39m
  [36m/>[39m

  --------------------------------------------------
  main:

  Name "":
  [36m<main[39m
    [33mclass[39m=[32m"v4-main"[39m
  [36m/>[39m

  --------------------------------------------------
  region:

  Name "Templates by position":
  [36m<section[39m
    [33maria-labelledby[39m=[32m"v4-positions-title"[39m
    [33mclass[39m=[32m"v4-screen"[39m
  [36m/>[39m

  Name "Templates by position":
  [36m<div[39m
    [33maria-label[39m=[32m"Templates by position"[39m
    [33mclass[39m=[32m"v4-table-wrap"[39m
    [33mrole[39m=[32m"region"[39m
    [33mtabindex[39m=[32m"0"[39m
  [36m/>[39m

  --------------------------------------------------
  paragraph:

  Name "":
  [36m<p[39m
    [33mclass[39m=[32m"v4-eyebrow"[39m
  [36m/>[39m

  Name "":
  [36m<p />[39m

  Name "":
  [36m<p[39m
    [33maria-live[39m=[32m"polite"[39m
    [33mclass[39m=[32m"v4-list-meta"[39m
  [36m/>[39m

  --------------------------------------------------
  heading:

  Name "Templates by position":
  [36m<h1[39m
    [33mid[39m=[32m"v4-positions-title"[39m
  [36m/>[39m

  --------------------------------------------------
  textbox:

  Name "Search positions":
  [36m<input[39m
    [33mplaceholder[39m=[32m"Search positions"[39m
    [33mvalue[39m=[32m""[39m
  [36m/>[39m

  --------------------------------------------------
  combobox:

  Name "Filter template status":
  [36m<select />[39m

  --------------------------------------------------
  option:

  Name "All statuses":
  [36m<option[39m
    [33mvalue[39m=[32m"all"[39m
  [36m/>[39m

  Name "Draft":
  [36m<option[39m
    [33mvalue[39m=[32m"draft"[39m
  [36m/>[39m

  Name "Ready":
  [36m<option[39m
    [33mvalue[39m=[32m"ready"[39m
  [36m/>[39m

  Name "Disabled":
  [36m<option[39m
    [33mvalue[39m=[32m"disabled"[39m
  [36m/>[39m

  --------------------------------------------------
  table:

  Name "Templates by position":
  [36m<table[39m
    [33maria-label[39m=[32m"Templates by position"[39m
  [36m/>[39m

  --------------------------------------------------
  rowgroup:

  Name "":
  [36m<thead />[39m

  Name "":
  [36m<tbody />[39m

  --------------------------------------------------
  row:

  Name "Position Weeks Days Lessons Questions Missing answers In use Status Actions":
  [36m<tr />[39m

  Name "Engineering 1 1 1 0 0 0 Ready Open Copy Disable":
  [36m<tr />[39m

  --------------------------------------------------
  columnheader:

  Name "Position":
  [36m<th />[39m

  Name "Weeks":
  [36m<th />[39m

  Name "Days":
  [36m<th />[39m

  Name "Lessons":
  [36m<th />[39m

  Name "Questions":
  [36m<th />[39m

  Name "Missing answers":
  [36m<th />[39m

  Name "In use":
  [36m<th />[39m

  Name "Status":
  [36m<th />[39m

  Name "Actions":
  [36m<th />[39m

  --------------------------------------------------
  cell:

  Name "Engineering":
  [36m<td />[39m

  Name "1":
  [36m<td />[39m

  Name "1":
  [36m<td />[39m

  Name "1":
  [36m<td />[39m

  Name "0":
  [36m<td />[39m

  Name "0":
  [36m<td />[39m

  Name "0":
  [36m<td />[39m

  Name "Ready":
  [36m<td />[39m

  Name "Open Copy Disable":
  [36m<td />[39m

  --------------------------------------------------

Ignored nodes: comments, script, style
[36m<body>[39m
  [36m<div>[39m
    [36m<div[39m
      [33mclass[39m=[32m"onboarding-v4"[39m
      [33mdata-theme-mode[39m=[32m"light"[39m
      [33mlang[39m=[32m"en"[39m
    [36m>[39m
      [36m<div[39m
        [33mclass[39m=[32m"v4-app"[39m
      [36m>[39m
        [36m<aside[39m
          [33maria-label[39m=[32m"Main navigation"[39m
          [33mclass[39m=[32m"v4-sidebar"[39m
        [36m>[39m
          [36m<div[39m
            [33mclass[39m=[32m"v4-brand"[39m
          [36m>[39m
            [36m<span[39m
              [33maria-hidden[39m=[32m"true"[39m
              [33mclass[39m=[32m"v4-brand-mark"[39m
            [36m/>[39m
            [36m<span>[39m
              [36m<strong>[39m
                [0mPrivOS Onboarding[0m
              [36m</strong>[39m
              [36m<small>[39m
                [0mLearning workspace[0m
              [36m</small>[39m
            [36m</span>[39m
          [36m</div>[39m
          [36m<div[39m
            [33mclass[39m=[32m"v4-nav-label"[39m
          [36m>[39m
            [0mAdministration[0m
          [36m</div>[39m
          [36m<nav[39m
            [33maria-label[39m=[32m"Main navigation"[39m
            [33mclass[39m=[32m"v4-nav"[39m
          [36m>[39m
            [36m<button[39m
              [33maria-label[39m=[32m"People"[39m
              [33mclass[39m=[32m"v4-nav-button"[39m
              [33mtype[39m=[32m"button"[39m
            [36m>[39m
              [36m<svg[39m
                [33maria-hidden[39m=[32m"true"[39m
                [33mclass[39m=[32m"v4-nav-icon"[39m
                [33mfill[39m=[32m"none"[39m
                [33mstroke[39m=[32m"currentColor"[39m
                [33mstroke-linecap[39m=[32m"round"[39m
                [33mstroke-linejoin[39m=[32m"round"[39m
                [33mstroke-width[39m=[32m"1.8"[39m
                [33mviewBox[39m=[32m"0 0 24 24"[39m
              [36m>[39m
                [36m<path[39m
                  [33md[39m=[32m"M16 21v-2a4 4 0 0 0-4-4H6a4 4 0 0 0-4 4v2"[39m
                [36m/>[39m
                [36m<circle[39m
                  [33mcx[39m=[32m"9"[39m
                  [33mcy[39m=[32m"7"[39m
                  [33mr[39m=[32m"4"[39m
                [36m/>[39m
                [36m<path[39m
                  [33md[39m=[32m"M22 21v-2a4 4 0 0 0-3-3.87M16 3.13a4 4 0 0 1 0 7.75"[39m
                [36m/>[39m
              [36m</svg>[39m
              [36m<span>[39m
                [0mPeople[0m
              [36m</span>[39m
            [36m</button>[39m
            [36m<button[39m
              [33maria-label[39m=[32m"New onboarding"[39m
              [33mclass[39m=[32m"v4-nav-button"[39m
              [33mtype[39m=[32m"button"[39m
            [36m>[39m
              [36m<svg[39m
                [33maria-hidden[39m=[32m"true"[39m
                [33mclass[39m=[32m"v4-nav-icon"[39m
                [33mfill[39m=[32m"none"[39m
                [33mstroke[39m=[32m"currentColor"[39m
                [33mstroke-linecap[39m=[32m"round"[39m
                [33mstroke-linejoin[39m=[32m"round"[39m
                [33mstroke-width[39m=[32m"1.8"[39m
                [33mviewBox[39m=[32m"0 0 24 24"[39m
              [36m>[39m
                [36m<path[39m
                  [33md[39m=[32m"M12 5v14M5 12h14"[39m
                [36m/>[39m
              [36m</svg>[39m
              [36m<span>[39m
                [0mNew onboarding[0m
              [36m</span>[39m
            [36m</button>[39m
            [36m<button[39m
              [33maria-current[39m=[32m"page"[39m
              [33maria-label[39m=[32m"Templates"[39m
              [33mclass[39m=[32m"v4-nav-button active"[39m
              [33mtype[39m=[32m"button"[39m
            [36m>[39m
              [36m<svg[39m
                [33maria-hidden[39m=[32m"true"[39m
                [33mclass[39m=[32m"v4-nav-icon"[39m
                [33mfill[39m=[32m"none"[39m
                [33mstroke[39m=[32m"currentColor"[39m
                [33mstroke-linecap[39m=[32m"round"[39m
                [33mstroke-linejoin[39m=[32m"round"[39m
                [33mstroke-width[39m=[32m"1.8"[39m
                [33mviewBox[39m=[32m"0 0 24 24"[39m
              [36m>[39m
                [36m<rect[39m
                  [33mheight[39m=[32m"18"[39m
                  [33mrx[39m=[32m"2"[39m
                  [33mwidth[39m=[32m"18"[39m
                  [33mx[39m=[32m"3"[39m
                  [33my[39m=[32m"3"[39m
                [36m/>[39m
                [36m<path[39m
                  [33md[39m=[32m"M3 9h18M9 21V9"[39m
                [36m/>[39m
              [36m</svg>[39m
              [36m<span>[39m
                [0mTemplates[0m
              [36m</span>[39m
            [36m</button>[39m
          [36m</nav>[39m
        [36m</aside>[39m
        [36m<div[39m
          [33mclass[39m=[32m"v4-shell"[39m
        [36m>[39m
          [36m<header[39m
            [33mclass[39m=[32m"v4-topbar"[39m
          [36m>[39m
            [36m<div[39m
              [33mclass[39m=[32m"v4-context"[39m
            [36m>[39m
              [36m<strong>[39m
                [0mTemplates[0m
              [36m</strong>[39m
              [36m<span>[39m
                [0mOnboarding[0m
              [36m</span>[39m
            [36m</div>[39m
            [36m<div[39m
              [33mclass[39m=[32m"v4-top-actions"[39m
            [36m>[39m
              [36m<div[39m
                [33maria-label[39m=[32m"Language"[39m
                [33mclass[39m=[32m"v4-language"[39m
                [33mrole[39m=[32m"group"[39m
              [36m>[39m
                [36m<button[39m
                  [33maria-pressed[39m=[32m"false"[39m
                  [33mclass[39m=[32m""[39m
                  [33mtype[39m=[32m"button"[39m
                [36m>[39m
                  [0mVI[0m
                [36m</button>[39m
                [36m<button[39m
                  [33maria-pressed[39m=[32m"true"[39m
                  [33mclass[39m=[32m"active"[39m
                  [33mtype[39m=[32m"button"[39m
                [36m>[39m
                  [0mEN[0m
                [36m</button>[39m
              [36m</div>[39m
              [36m<div[39m
                [33maria-label[39m=[32m"Appearance"[39m
                [33mclass[39m=[32m"v4-themes"[39m
                [33mrole[39m=[32m"group"[39m
              [36m>[39m
                [36m<button[39m
                  [33maria-label[39m=[32m"Light theme"[39m
                  [33maria-pressed[39m=[32m"true"[39m
                  [33mclass[39m=[32m"v4-theme-dot active"[39m
                  [33mdata-theme[39m=[32m"light"[39m
                  [33mtype[39m=[32m"button"[39m
                [36m/>[39m
                [36m<button[39m
                  [33maria-label[39m=[32m"Dark theme"[39m
                  [33maria-pressed[39m=[32m"false"[39m
                  [33mclass[39m=[32m"v4-theme-dot"[39m
                  [33mdata-theme[39m=[32m"dark"[39m
                  [33mtype[39m=[32m"button"[39m
                [36m/>[39m
                [36m<button[39m
                  [33maria-label[39m=[32m"Brand theme"[39m
                  [33maria-pressed[39m=[32m"false"[39m
                  [33mclass[39m=[32m"v4-theme-dot"[39m
                  [33mdata-theme[39m=[32m"brand"[39m
                  [33mtype[39m=[32m"button"[39m
                [36m/>[39m
              [36m</div>[39m
            [36m</div>[39m
          [36m</header>[39m
          [36m<main[39m
            [33mclass[39m=[32m"v4-main"[39m
          [36m>[39m
            [36m<section[39m
              [33maria-labelledby[39m=[32m"v4-positions-title"[39m
              [33mclass[39m=[32m"v4-screen"[39m
            [36m>[39m
              [36m<div[39m
                [33mclass[39m=[32m"v4-page-head"[39m
              [36m>[39m
                [36m<div>[39m
                  [36m<p[39m
                    [33mclass[39m=[32m"v4-eyebrow"[39m
                  [36m>[39m
                    [0mPosition templates[0m
                  [36m</p>[39m
                  [36m<h1[39m
                    [33mid[39m=[32m"v4-positions-title"[39m
                  [36m>[39m
                    [0mTemplates by position[0m
                  [36m</h1>[39m
                  [36m<p>[39m
                    [0mEach position has an onboarding template.[0m
                  [36m</p>[39m
                [36m</div>[39m
                [36m<button[39m
                  [33mclass[39m=[32m"v4-primary-button"[39m
                  [33mtype[39m=[32m"button"[39m
                [36m>[39m
                  [0mCreate template[0m
                [36m</button>[39m
              [36m</div>[39m
              [36m<div[39m
                [33mclass[39m=[32m"v4-toolbar"[39m
              [36m>[39m
                [36m<label[39m
                  [33mclass[39m=[32m"v4-search"[39m
                [36m>[39m
                  [36m<span[39m
                    [33mclass[39m=[32m"v4-visually-hidden"[39m
                  [36m>[39m
                    [0mSearch positions[0m
                  [36m</span>[39m
                  [36m<input[39m
                    [33mplaceholder[39m=[32m"Search positions"[39m
                    [33mvalue[39m=[32m""[39m
                  [36m/>[39m
                [36m</label>[39m
                [36m<label[39m
                  [33mclass[39m=[32m"v4-filter"[39m
                [36m>[39m
                  [36m<span[39m
                    [33mclass[39m=[32m"v4-visually-hidden"[39m
                  [36m>[39m
                    [0mFilter template status[0m
                  [36m</span>[39m
                  [36m<select>[39m
                    [36m<option[39m
                      [33mvalue[39m=[32m"all"[39m
                    [36m>[39m
                      [0mAll statuses[0m
                    [36m</option>[39m
                    [36m<option[39m
                      [33mvalue[39m=[32m"draft"[39m
                    [36m>[39m
                      [0mDraft[0m
                    [36m</option>[39m
                    [36m<option[39m
                      [33mvalue[39m=[32m"ready"[39m
                    [36m>[39m
                      [0mReady[0m
                    [36m</option>[39m
                    [36m<option[39m
                      [33mvalue[39m=[32m"disabled"[39m
                    [36m>[39m
                      [0mDisabled[0m
                    [36m</option>[39m
                  [36m</select>[39m
                [36m</label>[39m
                [36m<button[39m
                  [33mclass[39m=[32m"v4-secondary-button"[39m
                  [33mtype[39m=[32m"button"[39m
                [36m>[39m
                  [0mReset[0m
                [36m</button>[39m
              [36m</div>[39m
              [36m<p[39m
                [33maria-live[39m=[32m"polite"[39m
                [33mclass[39m=[32m"v4-list-meta"[39m
              [36m>[39m
                [0mShowing 1 positions · on this page[0m
              [36m</p>[39m
              [36m<div[39m
                [33maria-label[39m=[32m"Templates by position"[39m
                [33mclass[39m=[32m"v4-table-wrap"[39m
                [33mrole[39m=[32m"region"[39m
                [33mtabindex[39m=[32m"0"[39m
              [36m>[39m
                [36m<table[39m
                  [33maria-label[39m=[32m"Templates by position"[39m
                [36m>[39m
                  [36m<thead>[39m
                    [36m<tr>[39m
                      [36m<th>[39m
                        [0mPosition[0m
                      [36m</th>[39m
                      [36m<th>[39m
                        [0mWeeks[0m
                      [36m</th>[39m
                      [36m<th>[39m
                        [0mDays[0m
                      [36m</th>[39m
                      [36m<th>[39m
                        [0mLessons[0m
                      [36m</th>[39m
                      [36m<th>[39m
                        [0mQuestions[0m
                      [36m</th>[39m
                      [36m<th>[39m
                        [0mMissing answers[0m
                      [36m</th>[39m
                      [36m<th>[39m
                        [0mIn use[0m
                      [36m</th>[39m
                      [36m<th>[39m
                        [0mStatus[0m
                      [36m</th>[39m
                      [36m<th>[39m
                        [0mActions[0m
                      [36m</th>[39m
                    [36m</tr>[39m
                  [36m</thead>[39m
                  [36m<tbody>[39m
                    [36m<tr>[39m
                      [36m<td>[39m
                        [36m<strong>[39m
                          [0mEngineering[0m
                        [36m</strong>[39m
                      [36m</td>[39m
                      [36m<td>[39m
                        [0m1[0m
                      [36m</td>[39m
                      [36m<td>[39m
                        [0m1[0m
                      [36m</td>[39m
                      [36m<td>[39m
                        [0m1[0m
                      [36m</td>[39m
                      [36m<td>[39m
                        [0m0[0m
                      [36m</td>[39m
                      [36m<td>[39m
                        [0m0[0m
                      [36m</td>[39m
                      [36m<td>[39m
                        [0m0[0m
                      [36m</td>[39m
                      [36m<td>[39m
                        [36m<span[39m
                          [33mclass[39m=[32m"v4-badge v4-badge-ready"[39m
                        [36m>[39m
                          [0mReady[0m
                        [36m</span>[39m
                      [36m</td>[39m
                      [36m<td>[39m
                        [36m<button[39m
                          [33mclass[39m=[32m"v4-row-button"[39m
                          [33mtype[39m=[32m"button"[39m
                        [36m>[39m
                          [0mOpen[0m
                        [36m</button>[39m
                        [36m<button[39m
                          [33mclass[39m=[32m"v4-row-button"[39m
                          [33mtype[39m=[32m"button"[39m
                        [36m>[39m
                          [0mCopy[0m
                        [36m</button>[39m
                        [36m<button[39m
                          [33mclass[39m=[32m"v4-row-button"[39m
                          [33mtype[39m=[32m"button"[39m
                        [36m>[39m
                          [0mDisable[0m
                        [36m</button>[39m
                      [36m</td>[39m
                    [36m</tr>[39m
                  [36m</tbody>[39m
                [36m</table>[39m
              [36m</div>[39m
              [36m<div[39m
                [33mclass[39m=[32m"v4-pager"[39m
              [36m>[39m
                [36m<button[39m
                  [33mdisabled[39m=[32m""[39m
                  [33mtype[39m=[32m"button"[39m
                [36m>[39m
                  [0mPrevious[0m
                [36m</button>[39m
                [36m<button[39m
                  [33mtype[39m=[32m"button"[39m
                [36m>[39m
                  [0mNext[0m
                [36m</button>[39m
              [36m</div>[39m
            [36m</section>[39m
          [36m</main>[39m
        [36m</div>[39m
      [36m</div>[39m
    [36m</div>[39m
  [36m</div>[39m
[36m</body>[39m
 ❯ Object.getElementError node_modules/@testing-library/dom/dist/config.js:37:19
 ❯ node_modules/@testing-library/dom/dist/query-helpers.js:76:38
 ❯ node_modules/@testing-library/dom/dist/query-helpers.js:52:17
 ❯ node_modules/@testing-library/dom/dist/query-helpers.js:95:19
 ❯ tests/onboarding/v4-bootstrap.spec.tsx:82:29
     80|     await user.click(screen.getByRole('button', { name: /^Templates$/ …
     81|     await screen.findByText('Engineering');
     82|     await user.click(screen.getByRole('button', { name: 'Ready' }));
       |                             ^
     83|     await waitFor(() => expect(mocks.positions).toHaveBeenLastCalledWi…
     84|     mocks.positions.mockResolvedValueOnce({ items: [{ ...position, id:…

⎯⎯⎯⎯⎯⎯⎯⎯⎯⎯⎯⎯⎯⎯⎯⎯⎯⎯⎯⎯⎯⎯⎯⎯[2/7]⎯

 FAIL  tests/onboarding/v4-bootstrap.spec.tsx > v4 room bootstrap surface > retains the selected hire and template filters while List setup is blocked
TestingLibraryElementError: Unable to find an accessible element with the role "button" and name "Learning"

Here are the accessible roles:

  complementary:

  Name "Main navigation":
  [36m<aside[39m
    [33maria-label[39m=[32m"Main navigation"[39m
    [33mclass[39m=[32m"v4-sidebar"[39m
  [36m/>[39m

  --------------------------------------------------
  strong:

  Name "":
  [36m<strong />[39m

  Name "":
  [36m<strong />[39m

  Name "":
  [36m<strong />[39m

  Name "":
  [36m<strong />[39m

  Name "":
  [36m<strong />[39m

  Name "":
  [36m<strong />[39m

  --------------------------------------------------
  navigation:

  Name "Main navigation":
  [36m<nav[39m
    [33maria-label[39m=[32m"Main navigation"[39m
    [33mclass[39m=[32m"v4-nav"[39m
  [36m/>[39m

  --------------------------------------------------
  button:

  Name "People":
  [36m<button[39m
    [33maria-current[39m=[32m"page"[39m
    [33maria-label[39m=[32m"People"[39m
    [33mclass[39m=[32m"v4-nav-button active"[39m
    [33mtype[39m=[32m"button"[39m
  [36m/>[39m

  Name "New onboarding":
  [36m<button[39m
    [33maria-label[39m=[32m"New onboarding"[39m
    [33mclass[39m=[32m"v4-nav-button"[39m
    [33mtype[39m=[32m"button"[39m
  [36m/>[39m

  Name "Templates":
  [36m<button[39m
    [33maria-label[39m=[32m"Templates"[39m
    [33mclass[39m=[32m"v4-nav-button"[39m
    [33mtype[39m=[32m"button"[39m
  [36m/>[39m

  Name "VI":
  [36m<button[39m
    [33maria-pressed[39m=[32m"false"[39m
    [33mclass[39m=[32m""[39m
    [33mtype[39m=[32m"button"[39m
  [36m/>[39m

  Name "EN":
  [36m<button[39m
    [33maria-pressed[39m=[32m"true"[39m
    [33mclass[39m=[32m"active"[39m
    [33mtype[39m=[32m"button"[39m
  [36m/>[39m

  Name "Light theme":
  [36m<button[39m
    [33maria-label[39m=[32m"Light theme"[39m
    [33maria-pressed[39m=[32m"true"[39m
    [33mclass[39m=[32m"v4-theme-dot active"[39m
    [33mdata-theme[39m=[32m"light"[39m
    [33mtype[39m=[32m"button"[39m
  [36m/>[39m

  Name "Dark theme":
  [36m<button[39m
    [33maria-label[39m=[32m"Dark theme"[39m
    [33maria-pressed[39m=[32m"false"[39m
    [33mclass[39m=[32m"v4-theme-dot"[39m
    [33mdata-theme[39m=[32m"dark"[39m
    [33mtype[39m=[32m"button"[39m
  [36m/>[39m

  Name "Brand theme":
  [36m<button[39m
    [33maria-label[39m=[32m"Brand theme"[39m
    [33maria-pressed[39m=[32m"false"[39m
    [33mclass[39m=[32m"v4-theme-dot"[39m
    [33mdata-theme[39m=[32m"brand"[39m
    [33mtype[39m=[32m"button"[39m
  [36m/>[39m

  Name "Create onboarding":
  [36m<button[39m
    [33mclass[39m=[32m"v4-primary-button"[39m
    [33mdisabled[39m=[32m""[39m
    [33mtype[39m=[32m"button"[39m
  [36m/>[39m

  Name "Onboarding 0 On this page":
  [36m<button[39m
    [33maria-pressed[39m=[32m"false"[39m
    [33mclass[39m=[32m"v4-stat"[39m
    [33mtype[39m=[32m"button"[39m
  [36m/>[39m

  Name "Completed 0 On this page":
  [36m<button[39m
    [33maria-pressed[39m=[32m"false"[39m
    [33mclass[39m=[32m"v4-stat"[39m
    [33mtype[39m=[32m"button"[39m
  [36m/>[39m

  Name "Setting up 0 On this page":
  [36m<button[39m
    [33maria-pressed[39m=[32m"false"[39m
    [33mclass[39m=[32m"v4-stat"[39m
    [33mtype[39m=[32m"button"[39m
  [36m/>[39m

  Name "Needs attention 0 On this page":
  [36m<button[39m
    [33maria-pressed[39m=[32m"false"[39m
    [33mclass[39m=[32m"v4-stat"[39m
    [33mtype[39m=[32m"button"[39m
  [36m/>[39m

  Name "Reset":
  [36m<button[39m
    [33mclass[39m=[32m"v4-secondary-button"[39m
    [33mtype[39m=[32m"button"[39m
  [36m/>[39m

  Name "Previous":
  [36m<button[39m
    [33mdisabled[39m=[32m""[39m
    [33mtype[39m=[32m"button"[39m
  [36m/>[39m

  Name "Next":
  [36m<button[39m
    [33mdisabled[39m=[32m""[39m
    [33mtype[39m=[32m"button"[39m
  [36m/>[39m

  --------------------------------------------------
  banner:

  Name "":
  [36m<header[39m
    [33mclass[39m=[32m"v4-topbar"[39m
  [36m/>[39m

  --------------------------------------------------
  group:

  Name "Language":
  [36m<div[39m
    [33maria-label[39m=[32m"Language"[39m
    [33mclass[39m=[32m"v4-language"[39m
    [33mrole[39m=[32m"group"[39m
  [36m/>[39m

  Name "Appearance":
  [36m<div[39m
    [33maria-label[39m=[32m"Appearance"[39m
    [33mclass[39m=[32m"v4-themes"[39m
    [33mrole[39m=[32m"group"[39m
  [36m/>[39m

  --------------------------------------------------
  main:

  Name "":
  [36m<main[39m
    [33mclass[39m=[32m"v4-main"[39m
  [36m/>[39m

  --------------------------------------------------
  region:

  Name "Manage onboarding":
  [36m<section[39m
    [33maria-labelledby[39m=[32m"v4-hires-title"[39m
    [33mclass[39m=[32m"v4-screen"[39m
  [36m/>[39m

  Name "Employee":
  [36m<div[39m
    [33maria-label[39m=[32m"Employee"[39m
    [33mclass[39m=[32m"v4-table-wrap"[39m
    [33mrole[39m=[32m"region"[39m
    [33mtabindex[39m=[32m"0"[39m
  [36m/>[39m

  --------------------------------------------------
  paragraph:

  Name "":
  [36m<p[39m
    [33mclass[39m=[32m"v4-eyebrow"[39m
  [36m/>[39m

  Name "":
  [36m<p />[39m

  Name "":
  [36m<p[39m
    [33maria-live[39m=[32m"polite"[39m
    [33mclass[39m=[32m"v4-list-meta"[39m
  [36m/>[39m

  Name "":
  [36m<p />[39m

  --------------------------------------------------
  heading:

  Name "Manage onboarding":
  [36m<h1[39m
    [33mid[39m=[32m"v4-hires-title"[39m
  [36m/>[39m

  --------------------------------------------------
  textbox:

  Name "Search people":
  [36m<input[39m
    [33mplaceholder[39m=[32m"Search by name"[39m
    [33mvalue[39m=[32m""[39m
  [36m/>[39m

  --------------------------------------------------
  combobox:

  Name "Filter by position":
  [36m<input[39m
    [33maria-autocomplete[39m=[32m"list"[39m
    [33maria-controls[39m=[32m"v4-position-options"[39m
    [33maria-expanded[39m=[32m"false"[39m
    [33maria-label[39m=[32m"Filter by position"[39m
    [33mid[39m=[32m"v4-position-filter"[39m
    [33mplaceholder[39m=[32m"All positions"[39m
    [33mrole[39m=[32m"combobox"[39m
    [33mvalue[39m=[32m""[39m
  [36m/>[39m

  Name "Filter by status":
  [36m<select />[39m

  --------------------------------------------------
  option:

  Name "All statuses":
  [36m<option[39m
    [33mvalue[39m=[32m"all"[39m
  [36m/>[39m

  Name "Setting up":
  [36m<option[39m
    [33mvalue[39m=[32m"provisioning"[39m
  [36m/>[39m

  Name "Learning":
  [36m<option[39m
    [33mvalue[39m=[32m"learning"[39m
  [36m/>[39m

  Name "Completed":
  [36m<option[39m
    [33mvalue[39m=[32m"done"[39m
  [36m/>[39m

  Name "Setup failed":
  [36m<option[39m
    [33mvalue[39m=[32m"failed"[39m
  [36m/>[39m

  Name "Cancelled":
  [36m<option[39m
    [33mvalue[39m=[32m"cancelled"[39m
  [36m/>[39m

  --------------------------------------------------
  table:

  Name "Employee":
  [36m<table[39m
    [33maria-label[39m=[32m"Employee"[39m
  [36m/>[39m

  --------------------------------------------------
  rowgroup:

  Name "":
  [36m<thead />[39m

  Name "":
  [36m<tbody />[39m

  --------------------------------------------------
  row:

  Name "Employee Position Start date Roadmap progress Quiz scores Status Actions":
  [36m<tr />[39m

  --------------------------------------------------
  columnheader:

  Name "Employee":
  [36m<th />[39m

  Name "Position":
  [36m<th />[39m

  Name "Start date":
  [36m<th />[39m

  Name "Roadmap progress":
  [36m<th />[39m

  Name "Quiz scores":
  [36m<th />[39m

  Name "Status":
  [36m<th />[39m

  Name "Actions":
  [36m<th />[39m

  --------------------------------------------------
  alert:

  Name "":
  [36m<div[39m
    [33mclass[39m=[32m"v4-table-state v4-table-error"[39m
    [33mrole[39m=[32m"alert"[39m
  [36m/>[39m

  --------------------------------------------------

Ignored nodes: comments, script, style
[36m<body>[39m
  [36m<div>[39m
    [36m<div[39m
      [33mclass[39m=[32m"onboarding-v4"[39m
      [33mdata-theme-mode[39m=[32m"light"[39m
      [33mlang[39m=[32m"en"[39m
    [36m>[39m
      [36m<div[39m
        [33mclass[39m=[32m"v4-app"[39m
      [36m>[39m
        [36m<aside[39m
          [33maria-label[39m=[32m"Main navigation"[39m
          [33mclass[39m=[32m"v4-sidebar"[39m
        [36m>[39m
          [36m<div[39m
            [33mclass[39m=[32m"v4-brand"[39m
          [36m>[39m
            [36m<span[39m
              [33maria-hidden[39m=[32m"true"[39m
              [33mclass[39m=[32m"v4-brand-mark"[39m
            [36m/>[39m
            [36m<span>[39m
              [36m<strong>[39m
                [0mPrivOS Onboarding[0m
              [36m</strong>[39m
              [36m<small>[39m
                [0mLearning workspace[0m
              [36m</small>[39m
            [36m</span>[39m
          [36m</div>[39m
          [36m<div[39m
            [33mclass[39m=[32m"v4-nav-label"[39m
          [36m>[39m
            [0mAdministration[0m
          [36m</div>[39m
          [36m<nav[39m
            [33maria-label[39m=[32m"Main navigation"[39m
            [33mclass[39m=[32m"v4-nav"[39m
          [36m>[39m
            [36m<button[39m
              [33maria-current[39m=[32m"page"[39m
              [33maria-label[39m=[32m"People"[39m
              [33mclass[39m=[32m"v4-nav-button active"[39m
              [33mtype[39m=[32m"button"[39m
            [36m>[39m
              [36m<svg[39m
                [33maria-hidden[39m=[32m"true"[39m
                [33mclass[39m=[32m"v4-nav-icon"[39m
                [33mfill[39m=[32m"none"[39m
                [33mstroke[39m=[32m"currentColor"[39m
                [33mstroke-linecap[39m=[32m"round"[39m
                [33mstroke-linejoin[39m=[32m"round"[39m
                [33mstroke-width[39m=[32m"1.8"[39m
                [33mviewBox[39m=[32m"0 0 24 24"[39m
              [36m>[39m
                [36m<path[39m
                  [33md[39m=[32m"M16 21v-2a4 4 0 0 0-4-4H6a4 4 0 0 0-4 4v2"[39m
                [36m/>[39m
                [36m<circle[39m
                  [33mcx[39m=[32m"9"[39m
                  [33mcy[39m=[32m"7"[39m
                  [33mr[39m=[32m"4"[39m
                [36m/>[39m
                [36m<path[39m
                  [33md[39m=[32m"M22 21v-2a4 4 0 0 0-3-3.87M16 3.13a4 4 0 0 1 0 7.75"[39m
                [36m/>[39m
              [36m</svg>[39m
              [36m<span>[39m
                [0mPeople[0m
              [36m</span>[39m
            [36m</button>[39m
            [36m<button[39m
              [33maria-label[39m=[32m"New onboarding"[39m
              [33mclass[39m=[32m"v4-nav-button"[39m
              [33mtype[39m=[32m"button"[39m
            [36m>[39m
              [36m<svg[39m
                [33maria-hidden[39m=[32m"true"[39m
                [33mclass[39m=[32m"v4-nav-icon"[39m
                [33mfill[39m=[32m"none"[39m
                [33mstroke[39m=[32m"currentColor"[39m
                [33mstroke-linecap[39m=[32m"round"[39m
                [33mstroke-linejoin[39m=[32m"round"[39m
                [33mstroke-width[39m=[32m"1.8"[39m
                [33mviewBox[39m=[32m"0 0 24 24"[39m
              [36m>[39m
                [36m<path[39m
                  [33md[39m=[32m"M12 5v14M5 12h14"[39m
                [36m/>[39m
              [36m</svg>[39m
              [36m<span>[39m
                [0mNew onboarding[0m
              [36m</span>[39m
            [36m</button>[39m
            [36m<button[39m
              [33maria-label[39m=[32m"Templates"[39m
              [33mclass[39m=[32m"v4-nav-button"[39m
              [33mtype[39m=[32m"button"[39m
            [36m>[39m
              [36m<svg[39m
                [33maria-hidden[39m=[32m"true"[39m
                [33mclass[39m=[32m"v4-nav-icon"[39m
                [33mfill[39m=[32m"none"[39m
                [33mstroke[39m=[32m"currentColor"[39m
                [33mstroke-linecap[39m=[32m"round"[39m
                [33mstroke-linejoin[39m=[32m"round"[39m
                [33mstroke-width[39m=[32m"1.8"[39m
                [33mviewBox[39m=[32m"0 0 24 24"[39m
              [36m>[39m
                [36m<rect[39m
                  [33mheight[39m=[32m"18"[39m
                  [33mrx[39m=[32m"2"[39m
                  [33mwidth[39m=[32m"18"[39m
                  [33mx[39m=[32m"3"[39m
                  [33my[39m=[32m"3"[39m
                [36m/>[39m
                [36m<path[39m
                  [33md[39m=[32m"M3 9h18M9 21V9"[39m
                [36m/>[39m
              [36m</svg>[39m
              [36m<span>[39m
                [0mTemplates[0m
              [36m</span>[39m
            [36m</button>[39m
          [36m</nav>[39m
        [36m</aside>[39m
        [36m<div[39m
          [33mclass[39m=[32m"v4-shell"[39m
        [36m>[39m
          [36m<header[39m
            [33mclass[39m=[32m"v4-topbar"[39m
          [36m>[39m
            [36m<div[39m
              [33mclass[39m=[32m"v4-context"[39m
            [36m>[39m
              [36m<strong>[39m
                [0mPeople[0m
              [36m</strong>[39m
              [36m<span>[39m
                [0mOnboarding[0m
              [36m</span>[39m
            [36m</div>[39m
            [36m<div[39m
              [33mclass[39m=[32m"v4-top-actions"[39m
            [36m>[39m
              [36m<div[39m
                [33maria-label[39m=[32m"Language"[39m
                [33mclass[39m=[32m"v4-language"[39m
                [33mrole[39m=[32m"group"[39m
              [36m>[39m
                [36m<button[39m
                  [33maria-pressed[39m=[32m"false"[39m
                  [33mclass[39m=[32m""[39m
                  [33mtype[39m=[32m"button"[39m
                [36m>[39m
                  [0mVI[0m
                [36m</button>[39m
                [36m<button[39m
                  [33maria-pressed[39m=[32m"true"[39m
                  [33mclass[39m=[32m"active"[39m
                  [33mtype[39m=[32m"button"[39m
                [36m>[39m
                  [0mEN[0m
                [36m</button>[39m
              [36m</div>[39m
              [36m<div[39m
                [33maria-label[39m=[32m"Appearance"[39m
                [33mclass[39m=[32m"v4-themes"[39m
                [33mrole[39m=[32m"group"[39m
              [36m>[39m
                [36m<button[39m
                  [33maria-label[39m=[32m"Light theme"[39m
                  [33maria-pressed[39m=[32m"true"[39m
                  [33mclass[39m=[32m"v4-theme-dot active"[39m
                  [33mdata-theme[39m=[32m"light"[39m
                  [33mtype[39m=[32m"button"[39m
                [36m/>[39m
                [36m<button[39m
                  [33maria-label[39m=[32m"Dark theme"[39m
                  [33maria-pressed[39m=[32m"false"[39m
                  [33mclass[39m=[32m"v4-theme-dot"[39m
                  [33mdata-theme[39m=[32m"dark"[39m
                  [33mtype[39m=[32m"button"[39m
                [36m/>[39m
                [36m<button[39m
                  [33maria-label[39m=[32m"Brand theme"[39m
                  [33maria-pressed[39m=[32m"false"[39m
                  [33mclass[39m=[32m"v4-theme-dot"[39m
                  [33mdata-theme[39m=[32m"brand"[39m
                  [33mtype[39m=[32m"button"[39m
                [36m/>[39m
              [36m</div>[39m
            [36m</div>[39m
          [36m</header>[39m
          [36m<main[39m
            [33mclass[39m=[32m"v4-main"[39m
          [36m>[39m
            [36m<section[39m
              [33maria-labelledby[39m=[32m"v4-hires-title"[39m
              [33mclass[39m=[32m"v4-screen"[39m
            [36m>[39m
              [36m<div[39m
                [33mclass[39m=[32m"v4-page-head"[39m
              [36m>[39m
                [36m<div>[39m
                  [36m<p[39m
                    [33mclass[39m=[32m"v4-eyebrow"[39m
                  [36m>[39m
                    [0mOn this page[0m
                    [0m · [0m
                    [0m0[0m
                    [0m [0m
                    [0mprofiles[0m
                  [36m</p>[39m
                  [36m<h1[39m
                    [33mid[39m=[32m"v4-hires-title"[39m
                  [36m>[39m
                    [0mManage onboarding[0m
                  [36m</h1>[39m
                  [36m<p>[39m
                    [0mTrack employee progress and status in this room.[0m
                  [36m</p>[39m
                [36m</div>[39m
                [36m<button[39m
                  [33mclass[39m=[32m"v4-primary-button"[39m
                  [33mdisabled[39m=[32m""[39m
                  [33mtype[39m=[32m"button"[39m
                [36m>[39m
                  [0mCreate onboarding[0m
                [36m</button>[39m
              [36m</div>[39m
              [36m<div[39m
                [33maria-label[39m=[32m"On this page"[39m
                [33mclass[39m=[32m"v4-stats"[39m
              [36m>[39m
                [36m<button[39m
                  [33maria-pressed[39m=[32m"false"[39m
                  [33mclass[39m=[32m"v4-stat"[39m
                  [33mtype[39m=[32m"button"[39m
                [36m>[39m
                  [36m<span>[39m
                    [0mOnboarding[0m
                  [36m</span>[39m
                  [36m<strong>[39m
                    [0m0[0m
                  [36m</strong>[39m
                  [36m<small>[39m
                    [0mOn this page[0m
                  [36m</small>[39m
                [36m</button>[39m
                [36m<button[39m
                  [33maria-pressed[39m=[32m"false"[39m
                  [33mclass[39m=[32m"v4-stat"[39m
                  [33mtype[39m=[32m"button"[39m
                [36m>[39m
                  [36m<span>[39m
                    [0mCompleted[0m
                  [36m</span>[39m
                  [36m<strong>[39m
                    [0m0[0m
                  [36m</strong>[39m
                  [36m<small>[39m
                    [0mOn this page[0m
                  [36m</small>[39m
                [36m</button>[39m
                [36m<button[39m
                  [33maria-pressed[39m=[32m"false"[39m
                  [33mclass[39m=[32m"v4-stat"[39m
                  [33mtype[39m=[32m"button"[39m
                [36m>[39m
                  [36m<span>[39m
                    [0mSetting up[0m
                  [36m</span>[39m
                  [36m<strong>[39m
                    [0m0[0m
                  [36m</strong>[39m
                  [36m<small>[39m
                    [0mOn this page[0m
                  [36m</small>[39m
                [36m</button>[39m
                [36m<button[39m
                  [33maria-pressed[39m=[32m"false"[39m
                  [33mclass[39m=[32m"v4-stat"[39m
                  [33mtype[39m=[32m"button"[39m
                [36m>[39m
                  [36m<span>[39m
                    [0mNeeds attention[0m
                  [36m</span>[39m
                  [36m<strong>[39m
                    [0m0[0m
                  [36m</strong>[39m
                  [36m<small>[39m
                    [0mOn this page[0m
                  [36m</small>[39m
                [36m</button>[39m
              [36m</div>[39m
              [36m<div[39m
                [33mclass[39m=[32m"v4-toolbar v4-hires-toolbar"[39m
              [36m>[39m
                [36m<label[39m
                  [33mclass[39m=[32m"v4-search"[39m
                [36m>[39m
                  [36m<span[39m
                    [33mclass[39m=[32m"v4-visually-hidden"[39m
                  [36m>[39m
                    [0mSearch people[0m
                  [36m</span>[39m
                  [36m<input[39m
                    [33mplaceholder[39m=[32m"Search by name"[39m
                    [33mvalue[39m=[32m""[39m
                  [36m/>[39m
                [36m</label>[39m
                [36m<div[39m
                  [33mclass[39m=[32m"v4-position-typeahead"[39m
                [36m>[39m
                  [36m<label[39m
                    [33mclass[39m=[32m"v4-visually-hidden"[39m
                    [33mfor[39m=[32m"v4-position-filter"[39m
                  [36m>[39m
                    [0mFilter by position[0m
                  [36m</label>[39m
                  [36m<input[39m
                    [33maria-autocomplete[39m=[32m"list"[39m
                    [33maria-controls[39m=[32m"v4-position-options"[39m
                    [33maria-expanded[39m=[32m"false"[39m
                    [33maria-label[39m=[32m"Filter by position"[39m
                    [33mid[39m=[32m"v4-position-filter"[39m
                    [33mplaceholder[39m=[32m"All positions"[39m
                    [33mrole[39m=[32m"combobox"[39m
                    [33mvalue[39m=[32m""[39m
                  [36m/>[39m
                [36m</div>[39m
                [36m<label[39m
                  [33mclass[39m=[32m"v4-filter"[39m
                [36m>[39m
                  [36m<span[39m
                    [33mclass[39m=[32m"v4-visually-hidden"[39m
                  [36m>[39m
                    [0mFilter by status[0m
                  [36m</span>[39m
                  [36m<select>[39m
                    [36m<option[39m
                      [33mvalue[39m=[32m"all"[39m
                    [36m>[39m
                      [0mAll statuses[0m
                    [36m</option>[39m
                    [36m<option[39m
                      [33mvalue[39m=[32m"provisioning"[39m
                    [36m>[39m
                      [0mSetting up[0m
                    [36m</option>[39m
                    [36m<option[39m
                      [33mvalue[39m=[32m"learning"[39m
                    [36m>[39m
                      [0mLearning[0m
                    [36m</option>[39m
                    [36m<option[39m
                      [33mvalue[39m=[32m"done"[39m
                    [36m>[39m
                      [0mCompleted[0m
                    [36m</option>[39m
                    [36m<option[39m
                      [33mvalue[39m=[32m"failed"[39m
                    [36m>[39m
                      [0mSetup failed[0m
                    [36m</option>[39m
                    [36m<option[39m
                      [33mvalue[39m=[32m"cancelled"[39m
                    [36m>[39m
                      [0mCancelled[0m
                    [36m</option>[39m
                  [36m</select>[39m
                [36m</label>[39m
                [36m<button[39m
                  [33mclass[39m=[32m"v4-secondary-button"[39m
                  [33mtype[39m=[32m"button"[39m
                [36m>[39m
                  [0mReset[0m
                [36m</button>[39m
              [36m</div>[39m
              [36m<p[39m
                [33maria-live[39m=[32m"polite"[39m
                [33mclass[39m=[32m"v4-list-meta"[39m
              [36m>[39m
                [0mShowing 0 profiles · on this page[0m
              [36m</p>[39m
              [36m<div[39m
                [33maria-label[39m=[32m"Employee"[39m
                [33mclass[39m=[32m"v4-table-wrap"[39m
                [33mrole[39m=[32m"region"[39m
                [33mtabindex[39m=[32m"0"[39m
              [36m>[39m
                [36m<table[39m
                  [33maria-label[39m=[32m"Employee"[39m
                [36m>[39m
                  [36m<thead>[39m
                    [36m<tr>[39m
                      [36m<th>[39m
                        [0mEmployee[0m
                      [36m</th>[39m
                      [36m<th>[39m
                        [0mPosition[0m
                      [36m</th>[39m
                      [36m<th>[39m
                        [0mStart date[0m
                      [36m</th>[39m
                      [36m<th>[39m
                        [0mRoadmap progress[0m
                      [36m</th>[39m
                      [36m<th>[39m
                        [0mQuiz scores[0m
                      [36m</th>[39m
                      [36m<th>[39m
                        [0mStatus[0m
                      [36m</th>[39m
                      [36m<th>[39m
                        [0mActions[0m
                      [36m</th>[39m
                    [36m</tr>[39m
                  [36m</thead>[39m
                  [36m<tbody />[39m
                [36m</table>[39m
                [36m<div[39m
                  [33mclass[39m=[32m"v4-table-state v4-table-error"[39m
                  [33mrole[39m=[32m"alert"[39m
                [36m>[39m
                  [36m<p>[39m
                    [0mPrivOS did not create the required list stages.[0m
                  [36m</p>[39m
                [36m</div>[39m
              [36m</div>[39m
              [36m<div[39m
                [33mclass[39m=[32m"v4-pager"[39m
              [36m>[39m
                [36m<button[39m
                  [33mdisabled[39m=[32m""[39m
                  [33mtype[39m=[32m"button"[39m
                [36m>[39m
                  [0mPrevious[0m
                [36m</button>[39m
                [36m<button[39m
                  [33mdisabled[39m=[32m""[39m
                  [33mtype[39m=[32m"button"[39m
                [36m>[39m
                  [0mNext[0m
                [36m</button>[39m
              [36m</div>[39m
            [36m</section>[39m
          [36m</main>[39m
        [36m</div>[39m
      [36m</div>[39m
    [36m</div>[39m
  [36m</div>[39m
[36m</body>[39m
 ❯ Object.getElementError node_modules/@testing-library/dom/dist/config.js:37:19
 ❯ node_modules/@testing-library/dom/dist/query-helpers.js:76:38
 ❯ node_modules/@testing-library/dom/dist/query-helpers.js:52:17
 ❯ node_modules/@testing-library/dom/dist/query-helpers.js:95:19
 ❯ tests/onboarding/v4-bootstrap.spec.tsx:126:31
    124|     await screen.findByText('PrivOS did not create the required list s…
    125| 
    126|     const hireStatus = screen.getByRole('button', { name: 'Learning' }…
       |                               ^
    127|     await user.click(hireStatus);
    128|     expect(hireStatus.getAttribute('aria-pressed')).toBe('true');

⎯⎯⎯⎯⎯⎯⎯⎯⎯⎯⎯⎯⎯⎯⎯⎯⎯⎯⎯⎯⎯⎯⎯⎯[3/7]⎯

 FAIL  tests/onboarding/v4-bootstrap.spec.tsx > v4 room bootstrap surface > queries the selected status when the room Lists are ready
TestingLibraryElementError: Unable to find an accessible element with the role "button" and name "Completed"

Here are the accessible roles:

  complementary:

  Name "Main navigation":
  [36m<aside[39m
    [33maria-label[39m=[32m"Main navigation"[39m
    [33mclass[39m=[32m"v4-sidebar"[39m
  [36m/>[39m

  --------------------------------------------------
  strong:

  Name "":
  [36m<strong />[39m

  Name "":
  [36m<strong />[39m

  Name "":
  [36m<strong />[39m

  Name "":
  [36m<strong />[39m

  Name "":
  [36m<strong />[39m

  Name "":
  [36m<strong />[39m

  --------------------------------------------------
  navigation:

  Name "Main navigation":
  [36m<nav[39m
    [33maria-label[39m=[32m"Main navigation"[39m
    [33mclass[39m=[32m"v4-nav"[39m
  [36m/>[39m

  --------------------------------------------------
  button:

  Name "People":
  [36m<button[39m
    [33maria-current[39m=[32m"page"[39m
    [33maria-label[39m=[32m"People"[39m
    [33mclass[39m=[32m"v4-nav-button active"[39m
    [33mtype[39m=[32m"button"[39m
  [36m/>[39m

  Name "New onboarding":
  [36m<button[39m
    [33maria-label[39m=[32m"New onboarding"[39m
    [33mclass[39m=[32m"v4-nav-button"[39m
    [33mtype[39m=[32m"button"[39m
  [36m/>[39m

  Name "Templates":
  [36m<button[39m
    [33maria-label[39m=[32m"Templates"[39m
    [33mclass[39m=[32m"v4-nav-button"[39m
    [33mtype[39m=[32m"button"[39m
  [36m/>[39m

  Name "VI":
  [36m<button[39m
    [33maria-pressed[39m=[32m"false"[39m
    [33mclass[39m=[32m""[39m
    [33mtype[39m=[32m"button"[39m
  [36m/>[39m

  Name "EN":
  [36m<button[39m
    [33maria-pressed[39m=[32m"true"[39m
    [33mclass[39m=[32m"active"[39m
    [33mtype[39m=[32m"button"[39m
  [36m/>[39m

  Name "Light theme":
  [36m<button[39m
    [33maria-label[39m=[32m"Light theme"[39m
    [33maria-pressed[39m=[32m"true"[39m
    [33mclass[39m=[32m"v4-theme-dot active"[39m
    [33mdata-theme[39m=[32m"light"[39m
    [33mtype[39m=[32m"button"[39m
  [36m/>[39m

  Name "Dark theme":
  [36m<button[39m
    [33maria-label[39m=[32m"Dark theme"[39m
    [33maria-pressed[39m=[32m"false"[39m
    [33mclass[39m=[32m"v4-theme-dot"[39m
    [33mdata-theme[39m=[32m"dark"[39m
    [33mtype[39m=[32m"button"[39m
  [36m/>[39m

  Name "Brand theme":
  [36m<button[39m
    [33maria-label[39m=[32m"Brand theme"[39m
    [33maria-pressed[39m=[32m"false"[39m
    [33mclass[39m=[32m"v4-theme-dot"[39m
    [33mdata-theme[39m=[32m"brand"[39m
    [33mtype[39m=[32m"button"[39m
  [36m/>[39m

  Name "Create onboarding":
  [36m<button[39m
    [33mclass[39m=[32m"v4-primary-button"[39m
    [33mtype[39m=[32m"button"[39m
  [36m/>[39m

  Name "Onboarding 0 On this page":
  [36m<button[39m
    [33maria-pressed[39m=[32m"false"[39m
    [33mclass[39m=[32m"v4-stat"[39m
    [33mtype[39m=[32m"button"[39m
  [36m/>[39m

  Name "Completed 0 On this page":
  [36m<button[39m
    [33maria-pressed[39m=[32m"false"[39m
    [33mclass[39m=[32m"v4-stat"[39m
    [33mtype[39m=[32m"button"[39m
  [36m/>[39m

  Name "Setting up 0 On this page":
  [36m<button[39m
    [33maria-pressed[39m=[32m"false"[39m
    [33mclass[39m=[32m"v4-stat"[39m
    [33mtype[39m=[32m"button"[39m
  [36m/>[39m

  Name "Needs attention 0 On this page":
  [36m<button[39m
    [33maria-pressed[39m=[32m"false"[39m
    [33mclass[39m=[32m"v4-stat"[39m
    [33mtype[39m=[32m"button"[39m
  [36m/>[39m

  Name "Reset":
  [36m<button[39m
    [33mclass[39m=[32m"v4-secondary-button"[39m
    [33mtype[39m=[32m"button"[39m
  [36m/>[39m

  Name "Previous":
  [36m<button[39m
    [33mdisabled[39m=[32m""[39m
    [33mtype[39m=[32m"button"[39m
  [36m/>[39m

  Name "Next":
  [36m<button[39m
    [33mdisabled[39m=[32m""[39m
    [33mtype[39m=[32m"button"[39m
  [36m/>[39m

  --------------------------------------------------
  banner:

  Name "":
  [36m<header[39m
    [33mclass[39m=[32m"v4-topbar"[39m
  [36m/>[39m

  --------------------------------------------------
  group:

  Name "Language":
  [36m<div[39m
    [33maria-label[39m=[32m"Language"[39m
    [33mclass[39m=[32m"v4-language"[39m
    [33mrole[39m=[32m"group"[39m
  [36m/>[39m

  Name "Appearance":
  [36m<div[39m
    [33maria-label[39m=[32m"Appearance"[39m
    [33mclass[39m=[32m"v4-themes"[39m
    [33mrole[39m=[32m"group"[39m
  [36m/>[39m

  --------------------------------------------------
  main:

  Name "":
  [36m<main[39m
    [33mclass[39m=[32m"v4-main"[39m
  [36m/>[39m

  --------------------------------------------------
  region:

  Name "Manage onboarding":
  [36m<section[39m
    [33maria-labelledby[39m=[32m"v4-hires-title"[39m
    [33mclass[39m=[32m"v4-screen"[39m
  [36m/>[39m

  Name "Employee":
  [36m<div[39m
    [33maria-label[39m=[32m"Employee"[39m
    [33mclass[39m=[32m"v4-table-wrap"[39m
    [33mrole[39m=[32m"region"[39m
    [33mtabindex[39m=[32m"0"[39m
  [36m/>[39m

  --------------------------------------------------
  paragraph:

  Name "":
  [36m<p[39m
    [33mclass[39m=[32m"v4-eyebrow"[39m
  [36m/>[39m

  Name "":
  [36m<p />[39m

  Name "":
  [36m<p[39m
    [33maria-live[39m=[32m"polite"[39m
    [33mclass[39m=[32m"v4-list-meta"[39m
  [36m/>[39m

  Name "":
  [36m<p />[39m

  --------------------------------------------------
  heading:

  Name "Manage onboarding":
  [36m<h1[39m
    [33mid[39m=[32m"v4-hires-title"[39m
  [36m/>[39m

  --------------------------------------------------
  textbox:

  Name "Search people":
  [36m<input[39m
    [33mplaceholder[39m=[32m"Search by name"[39m
    [33mvalue[39m=[32m""[39m
  [36m/>[39m

  --------------------------------------------------
  combobox:

  Name "Filter by position":
  [36m<input[39m
    [33maria-autocomplete[39m=[32m"list"[39m
    [33maria-controls[39m=[32m"v4-position-options"[39m
    [33maria-expanded[39m=[32m"false"[39m
    [33maria-label[39m=[32m"Filter by position"[39m
    [33mid[39m=[32m"v4-position-filter"[39m
    [33mplaceholder[39m=[32m"All positions"[39m
    [33mrole[39m=[32m"combobox"[39m
    [33mvalue[39m=[32m""[39m
  [36m/>[39m

  Name "Filter by status":
  [36m<select />[39m

  --------------------------------------------------
  option:

  Name "All statuses":
  [36m<option[39m
    [33mvalue[39m=[32m"all"[39m
  [36m/>[39m

  Name "Setting up":
  [36m<option[39m
    [33mvalue[39m=[32m"provisioning"[39m
  [36m/>[39m

  Name "Learning":
  [36m<option[39m
    [33mvalue[39m=[32m"learning"[39m
  [36m/>[39m

  Name "Completed":
  [36m<option[39m
    [33mvalue[39m=[32m"done"[39m
  [36m/>[39m

  Name "Setup failed":
  [36m<option[39m
    [33mvalue[39m=[32m"failed"[39m
  [36m/>[39m

  Name "Cancelled":
  [36m<option[39m
    [33mvalue[39m=[32m"cancelled"[39m
  [36m/>[39m

  --------------------------------------------------
  table:

  Name "Employee":
  [36m<table[39m
    [33maria-label[39m=[32m"Employee"[39m
  [36m/>[39m

  --------------------------------------------------
  rowgroup:

  Name "":
  [36m<thead />[39m

  Name "":
  [36m<tbody />[39m

  --------------------------------------------------
  row:

  Name "Employee Position Start date Roadmap progress Quiz scores Status Actions":
  [36m<tr />[39m

  --------------------------------------------------
  columnheader:

  Name "Employee":
  [36m<th />[39m

  Name "Position":
  [36m<th />[39m

  Name "Start date":
  [36m<th />[39m

  Name "Roadmap progress":
  [36m<th />[39m

  Name "Quiz scores":
  [36m<th />[39m

  Name "Status":
  [36m<th />[39m

  Name "Actions":
  [36m<th />[39m

  --------------------------------------------------

Ignored nodes: comments, script, style
[36m<body>[39m
  [36m<div>[39m
    [36m<div[39m
      [33mclass[39m=[32m"onboarding-v4"[39m
      [33mdata-theme-mode[39m=[32m"light"[39m
      [33mlang[39m=[32m"en"[39m
    [36m>[39m
      [36m<div[39m
        [33mclass[39m=[32m"v4-app"[39m
      [36m>[39m
        [36m<aside[39m
          [33maria-label[39m=[32m"Main navigation"[39m
          [33mclass[39m=[32m"v4-sidebar"[39m
        [36m>[39m
          [36m<div[39m
            [33mclass[39m=[32m"v4-brand"[39m
          [36m>[39m
            [36m<span[39m
              [33maria-hidden[39m=[32m"true"[39m
              [33mclass[39m=[32m"v4-brand-mark"[39m
            [36m/>[39m
            [36m<span>[39m
              [36m<strong>[39m
                [0mPrivOS Onboarding[0m
              [36m</strong>[39m
              [36m<small>[39m
                [0mLearning workspace[0m
              [36m</small>[39m
            [36m</span>[39m
          [36m</div>[39m
          [36m<div[39m
            [33mclass[39m=[32m"v4-nav-label"[39m
          [36m>[39m
            [0mAdministration[0m
          [36m</div>[39m
          [36m<nav[39m
            [33maria-label[39m=[32m"Main navigation"[39m
            [33mclass[39m=[32m"v4-nav"[39m
          [36m>[39m
            [36m<button[39m
              [33maria-current[39m=[32m"page"[39m
              [33maria-label[39m=[32m"People"[39m
              [33mclass[39m=[32m"v4-nav-button active"[39m
              [33mtype[39m=[32m"button"[39m
            [36m>[39m
              [36m<svg[39m
                [33maria-hidden[39m=[32m"true"[39m
                [33mclass[39m=[32m"v4-nav-icon"[39m
                [33mfill[39m=[32m"none"[39m
                [33mstroke[39m=[32m"currentColor"[39m
                [33mstroke-linecap[39m=[32m"round"[39m
                [33mstroke-linejoin[39m=[32m"round"[39m
                [33mstroke-width[39m=[32m"1.8"[39m
                [33mviewBox[39m=[32m"0 0 24 24"[39m
              [36m>[39m
                [36m<path[39m
                  [33md[39m=[32m"M16 21v-2a4 4 0 0 0-4-4H6a4 4 0 0 0-4 4v2"[39m
                [36m/>[39m
                [36m<circle[39m
                  [33mcx[39m=[32m"9"[39m
                  [33mcy[39m=[32m"7"[39m
                  [33mr[39m=[32m"4"[39m
                [36m/>[39m
                [36m<path[39m
                  [33md[39m=[32m"M22 21v-2a4 4 0 0 0-3-3.87M16 3.13a4 4 0 0 1 0 7.75"[39m
                [36m/>[39m
              [36m</svg>[39m
              [36m<span>[39m
                [0mPeople[0m
              [36m</span>[39m
            [36m</button>[39m
            [36m<button[39m
              [33maria-label[39m=[32m"New onboarding"[39m
              [33mclass[39m=[32m"v4-nav-button"[39m
              [33mtype[39m=[32m"button"[39m
            [36m>[39m
              [36m<svg[39m
                [33maria-hidden[39m=[32m"true"[39m
                [33mclass[39m=[32m"v4-nav-icon"[39m
                [33mfill[39m=[32m"none"[39m
                [33mstroke[39m=[32m"currentColor"[39m
                [33mstroke-linecap[39m=[32m"round"[39m
                [33mstroke-linejoin[39m=[32m"round"[39m
                [33mstroke-width[39m=[32m"1.8"[39m
                [33mviewBox[39m=[32m"0 0 24 24"[39m
              [36m>[39m
                [36m<path[39m
                  [33md[39m=[32m"M12 5v14M5 12h14"[39m
                [36m/>[39m
              [36m</svg>[39m
              [36m<span>[39m
                [0mNew onboarding[0m
              [36m</span>[39m
            [36m</button>[39m
            [36m<button[39m
              [33maria-label[39m=[32m"Templates"[39m
              [33mclass[39m=[32m"v4-nav-button"[39m
              [33mtype[39m=[32m"button"[39m
            [36m>[39m
              [36m<svg[39m
                [33maria-hidden[39m=[32m"true"[39m
                [33mclass[39m=[32m"v4-nav-icon"[39m
                [33mfill[39m=[32m"none"[39m
                [33mstroke[39m=[32m"currentColor"[39m
                [33mstroke-linecap[39m=[32m"round"[39m
                [33mstroke-linejoin[39m=[32m"round"[39m
                [33mstroke-width[39m=[32m"1.8"[39m
                [33mviewBox[39m=[32m"0 0 24 24"[39m
              [36m>[39m
                [36m<rect[39m
                  [33mheight[39m=[32m"18"[39m
                  [33mrx[39m=[32m"2"[39m
                  [33mwidth[39m=[32m"18"[39m
                  [33mx[39m=[32m"3"[39m
                  [33my[39m=[32m"3"[39m
                [36m/>[39m
                [36m<path[39m
                  [33md[39m=[32m"M3 9h18M9 21V9"[39m
                [36m/>[39m
              [36m</svg>[39m
              [36m<span>[39m
                [0mTemplates[0m
              [36m</span>[39m
            [36m</button>[39m
          [36m</nav>[39m
        [36m</aside>[39m
        [36m<div[39m
          [33mclass[39m=[32m"v4-shell"[39m
        [36m>[39m
          [36m<header[39m
            [33mclass[39m=[32m"v4-topbar"[39m
          [36m>[39m
            [36m<div[39m
              [33mclass[39m=[32m"v4-context"[39m
            [36m>[39m
              [36m<strong>[39m
                [0mPeople[0m
              [36m</strong>[39m
              [36m<span>[39m
                [0mOnboarding[0m
              [36m</span>[39m
            [36m</div>[39m
            [36m<div[39m
              [33mclass[39m=[32m"v4-top-actions"[39m
            [36m>[39m
              [36m<div[39m
                [33maria-label[39m=[32m"Language"[39m
                [33mclass[39m=[32m"v4-language"[39m
                [33mrole[39m=[32m"group"[39m
              [36m>[39m
                [36m<button[39m
                  [33maria-pressed[39m=[32m"false"[39m
                  [33mclass[39m=[32m""[39m
                  [33mtype[39m=[32m"button"[39m
                [36m>[39m
                  [0mVI[0m
                [36m</button>[39m
                [36m<button[39m
                  [33maria-pressed[39m=[32m"true"[39m
                  [33mclass[39m=[32m"active"[39m
                  [33mtype[39m=[32m"button"[39m
                [36m>[39m
                  [0mEN[0m
                [36m</button>[39m
              [36m</div>[39m
              [36m<div[39m
                [33maria-label[39m=[32m"Appearance"[39m
                [33mclass[39m=[32m"v4-themes"[39m
                [33mrole[39m=[32m"group"[39m
              [36m>[39m
                [36m<button[39m
                  [33maria-label[39m=[32m"Light theme"[39m
                  [33maria-pressed[39m=[32m"true"[39m
                  [33mclass[39m=[32m"v4-theme-dot active"[39m
                  [33mdata-theme[39m=[32m"light"[39m
                  [33mtype[39m=[32m"button"[39m
                [36m/>[39m
                [36m<button[39m
                  [33maria-label[39m=[32m"Dark theme"[39m
                  [33maria-pressed[39m=[32m"false"[39m
                  [33mclass[39m=[32m"v4-theme-dot"[39m
                  [33mdata-theme[39m=[32m"dark"[39m
                  [33mtype[39m=[32m"button"[39m
                [36m/>[39m
                [36m<button[39m
                  [33maria-label[39m=[32m"Brand theme"[39m
                  [33maria-pressed[39m=[32m"false"[39m
                  [33mclass[39m=[32m"v4-theme-dot"[39m
                  [33mdata-theme[39m=[32m"brand"[39m
                  [33mtype[39m=[32m"button"[39m
                [36m/>[39m
              [36m</div>[39m
            [36m</div>[39m
          [36m</header>[39m
          [36m<main[39m
            [33mclass[39m=[32m"v4-main"[39m
          [36m>[39m
            [36m<section[39m
              [33maria-labelledby[39m=[32m"v4-hires-title"[39m
              [33mclass[39m=[32m"v4-screen"[39m
            [36m>[39m
              [36m<div[39m
                [33mclass[39m=[32m"v4-page-head"[39m
              [36m>[39m
                [36m<div>[39m
                  [36m<p[39m
                    [33mclass[39m=[32m"v4-eyebrow"[39m
                  [36m>[39m
                    [0mOn this page[0m
                    [0m · [0m
                    [0m0[0m
                    [0m [0m
                    [0mprofiles[0m
                  [36m</p>[39m
                  [36m<h1[39m
                    [33mid[39m=[32m"v4-hires-title"[39m
                  [36m>[39m
                    [0mManage onboarding[0m
                  [36m</h1>[39m
                  [36m<p>[39m
                    [0mTrack employee progress and status in this room.[0m
                  [36m</p>[39m
                [36m</div>[39m
                [36m<button[39m
                  [33mclass[39m=[32m"v4-primary-button"[39m
                  [33mtype[39m=[32m"button"[39m
                [36m>[39m
                  [0mCreate onboarding[0m
                [36m</button>[39m
              [36m</div>[39m
              [36m<div[39m
                [33maria-label[39m=[32m"On this page"[39m
                [33mclass[39m=[32m"v4-stats"[39m
              [36m>[39m
                [36m<button[39m
                  [33maria-pressed[39m=[32m"false"[39m
                  [33mclass[39m=[32m"v4-stat"[39m
                  [33mtype[39m=[32m"button"[39m
                [36m>[39m
                  [36m<span>[39m
                    [0mOnboarding[0m
                  [36m</span>[39m
                  [36m<strong>[39m
                    [0m0[0m
                  [36m</strong>[39m
                  [36m<small>[39m
                    [0mOn this page[0m
                  [36m</small>[39m
                [36m</button>[39m
                [36m<button[39m
                  [33maria-pressed[39m=[32m"false"[39m
                  [33mclass[39m=[32m"v4-stat"[39m
                  [33mtype[39m=[32m"button"[39m
                [36m>[39m
                  [36m<span>[39m
                    [0mCompleted[0m
                  [36m</span>[39m
                  [36m<strong>[39m
                    [0m0[0m
                  [36m</strong>[39m
                  [36m<small>[39m
                    [0mOn this page[0m
                  [36m</small>[39m
                [36m</button>[39m
                [36m<button[39m
                  [33maria-pressed[39m=[32m"false"[39m
                  [33mclass[39m=[32m"v4-stat"[39m
                  [33mtype[39m=[32m"button"[39m
                [36m>[39m
                  [36m<span>[39m
                    [0mSetting up[0m
                  [36m</span>[39m
                  [36m<strong>[39m
                    [0m0[0m
                  [36m</strong>[39m
                  [36m<small>[39m
                    [0mOn this page[0m
                  [36m</small>[39m
                [36m</button>[39m
                [36m<button[39m
                  [33maria-pressed[39m=[32m"false"[39m
                  [33mclass[39m=[32m"v4-stat"[39m
                  [33mtype[39m=[32m"button"[39m
                [36m>[39m
                  [36m<span>[39m
                    [0mNeeds attention[0m
                  [36m</span>[39m
                  [36m<strong>[39m
                    [0m0[0m
                  [36m</strong>[39m
                  [36m<small>[39m
                    [0mOn this page[0m
                  [36m</small>[39m
                [36m</button>[39m
              [36m</div>[39m
              [36m<div[39m
                [33mclass[39m=[32m"v4-toolbar v4-hires-toolbar"[39m
              [36m>[39m
                [36m<label[39m
                  [33mclass[39m=[32m"v4-search"[39m
                [36m>[39m
                  [36m<span[39m
                    [33mclass[39m=[32m"v4-visually-hidden"[39m
                  [36m>[39m
                    [0mSearch people[0m
                  [36m</span>[39m
                  [36m<input[39m
                    [33mplaceholder[39m=[32m"Search by name"[39m
                    [33mvalue[39m=[32m""[39m
                  [36m/>[39m
                [36m</label>[39m
                [36m<div[39m
                  [33mclass[39m=[32m"v4-position-typeahead"[39m
                [36m>[39m
                  [36m<label[39m
                    [33mclass[39m=[32m"v4-visually-hidden"[39m
                    [33mfor[39m=[32m"v4-position-filter"[39m
                  [36m>[39m
                    [0mFilter by position[0m
                  [36m</label>[39m
                  [36m<input[39m
                    [33maria-autocomplete[39m=[32m"list"[39m
                    [33maria-controls[39m=[32m"v4-position-options"[39m
                    [33maria-expanded[39m=[32m"false"[39m
                    [33maria-label[39m=[32m"Filter by position"[39m
                    [33mid[39m=[32m"v4-position-filter"[39m
                    [33mplaceholder[39m=[32m"All positions"[39m
                    [33mrole[39m=[32m"combobox"[39m
                    [33mvalue[39m=[32m""[39m
                  [36m/>[39m
                [36m</div>[39m
                [36m<label[39m
                  [33mclass[39m=[32m"v4-filter"[39m
                [36m>[39m
                  [36m<span[39m
                    [33mclass[39m=[32m"v4-visually-hidden"[39m
                  [36m>[39m
                    [0mFilter by status[0m
                  [36m</span>[39m
                  [36m<select>[39m
                    [36m<option[39m
                      [33mvalue[39m=[32m"all"[39m
                    [36m>[39m
                      [0mAll statuses[0m
                    [36m</option>[39m
                    [36m<option[39m
                      [33mvalue[39m=[32m"provisioning"[39m
                    [36m>[39m
                      [0mSetting up[0m
                    [36m</option>[39m
                    [36m<option[39m
                      [33mvalue[39m=[32m"learning"[39m
                    [36m>[39m
                      [0mLearning[0m
                    [36m</option>[39m
                    [36m<option[39m
                      [33mvalue[39m=[32m"done"[39m
                    [36m>[39m
                      [0mCompleted[0m
                    [36m</option>[39m
                    [36m<option[39m
                      [33mvalue[39m=[32m"failed"[39m
                    [36m>[39m
                      [0mSetup failed[0m
                    [36m</option>[39m
                    [36m<option[39m
                      [33mvalue[39m=[32m"cancelled"[39m
                    [36m>[39m
                      [0mCancelled[0m
                    [36m</option>[39m
                  [36m</select>[39m
                [36m</label>[39m
                [36m<button[39m
                  [33mclass[39m=[32m"v4-secondary-button"[39m
                  [33mtype[39m=[32m"button"[39m
                [36m>[39m
                  [0mReset[0m
                [36m</button>[39m
              [36m</div>[39m
              [36m<p[39m
                [33maria-live[39m=[32m"polite"[39m
                [33mclass[39m=[32m"v4-list-meta"[39m
              [36m>[39m
                [0mShowing 0 profiles · on this page[0m
              [36m</p>[39m
              [36m<div[39m
                [33maria-label[39m=[32m"Employee"[39m
                [33mclass[39m=[32m"v4-table-wrap"[39m
                [33mrole[39m=[32m"region"[39m
                [33mtabindex[39m=[32m"0"[39m
              [36m>[39m
                [36m<table[39m
                  [33maria-label[39m=[32m"Employee"[39m
                [36m>[39m
                  [36m<thead>[39m
                    [36m<tr>[39m
                      [36m<th>[39m
                        [0mEmployee[0m
                      [36m</th>[39m
                      [36m<th>[39m
                        [0mPosition[0m
                      [36m</th>[39m
                      [36m<th>[39m
                        [0mStart date[0m
                      [36m</th>[39m
                      [36m<th>[39m
                        [0mRoadmap progress[0m
                      [36m</th>[39m
                      [36m<th>[39m
                        [0mQuiz scores[0m
                      [36m</th>[39m
                      [36m<th>[39m
                        [0mStatus[0m
                      [36m</th>[39m
                      [36m<th>[39m
                        [0mActions[0m
                      [36m</th>[39m
                    [36m</tr>[39m
                  [36m</thead>[39m
                  [36m<tbody />[39m
                [36m</table>[39m
                [36m<div[39m
                  [33mclass[39m=[32m"v4-table-state"[39m
                [36m>[39m
                  [36m<p>[39m
                    [0mNo matching profiles.[0m
                  [36m</p>[39m
                [36m</div>[39m
              [36m</div>[39m
              [36m<div[39m
                [33mclass[39m=[32m"v4-pager"[39m
              [36m>[39m
                [36m<button[39m
                  [33mdisabled[39m=[32m""[39m
                  [33mtype[39m=[32m"button"[39m
                [36m>[39m
                  [0mPrevious[0m
                [36m</button>[39m
                [36m<button[39m
                  [33mdisabled[39m=[32m""[39m
                  [33mtype[39m=[32m"button"[39m
                [36m>[39m
                  [0mNext[0m
                [36m</button>[39m
              [36m</div>[39m
            [36m</section>[39m
          [36m</main>[39m
        [36m</div>[39m
      [36m</div>[39m
    [36m</div>[39m
  [36m</div>[39m
[36m</body>[39m
 ❯ Object.getElementError node_modules/@testing-library/dom/dist/config.js:37:19
 ❯ node_modules/@testing-library/dom/dist/query-helpers.js:76:38
 ❯ node_modules/@testing-library/dom/dist/query-helpers.js:52:17
 ❯ node_modules/@testing-library/dom/dist/query-helpers.js:95:19
 ❯ tests/onboarding/v4-bootstrap.spec.tsx:147:29
    145|     renderV4();
    146|     await screen.findByText('No matching profiles.');
    147|     await user.click(screen.getByRole('button', { name: 'Completed' })…
       |                             ^
    148|     await waitFor(() => expect(mocks.hires).toHaveBeenLastCalledWith({…
    149|     expect((screen.getByRole('button', { name: 'Create onboarding' }) …

⎯⎯⎯⎯⎯⎯⎯⎯⎯⎯⎯⎯⎯⎯⎯⎯⎯⎯⎯⎯⎯⎯⎯⎯[4/7]⎯

 FAIL  tests/onboarding/v4-bootstrap.spec.tsx > v4 room bootstrap surface > keeps hire name and status filters when switching tabs
TestingLibraryElementError: Unable to find an accessible element with the role "button" and name "Learning"

Here are the accessible roles:

  complementary:

  Name "Main navigation":
  [36m<aside[39m
    [33maria-label[39m=[32m"Main navigation"[39m
    [33mclass[39m=[32m"v4-sidebar"[39m
  [36m/>[39m

  --------------------------------------------------
  strong:

  Name "":
  [36m<strong />[39m

  Name "":
  [36m<strong />[39m

  Name "":
  [36m<strong />[39m

  Name "":
  [36m<strong />[39m

  Name "":
  [36m<strong />[39m

  Name "":
  [36m<strong />[39m

  Name "":
  [36m<strong />[39m

  Name "":
  [36m<strong />[39m

  Name "":
  [36m<strong />[39m

  Name "":
  [36m<strong />[39m

  Name "":
  [36m<strong />[39m

  Name "":
  [36m<strong />[39m

  --------------------------------------------------
  navigation:

  Name "Main navigation":
  [36m<nav[39m
    [33maria-label[39m=[32m"Main navigation"[39m
    [33mclass[39m=[32m"v4-nav"[39m
  [36m/>[39m

  --------------------------------------------------
  button:

  Name "People":
  [36m<button[39m
    [33maria-current[39m=[32m"page"[39m
    [33maria-label[39m=[32m"People"[39m
    [33mclass[39m=[32m"v4-nav-button active"[39m
    [33mtype[39m=[32m"button"[39m
  [36m/>[39m

  Name "New onboarding":
  [36m<button[39m
    [33maria-label[39m=[32m"New onboarding"[39m
    [33mclass[39m=[32m"v4-nav-button"[39m
    [33mtype[39m=[32m"button"[39m
  [36m/>[39m

  Name "Templates":
  [36m<button[39m
    [33maria-label[39m=[32m"Templates"[39m
    [33mclass[39m=[32m"v4-nav-button"[39m
    [33mtype[39m=[32m"button"[39m
  [36m/>[39m

  Name "VI":
  [36m<button[39m
    [33maria-pressed[39m=[32m"false"[39m
    [33mclass[39m=[32m""[39m
    [33mtype[39m=[32m"button"[39m
  [36m/>[39m

  Name "EN":
  [36m<button[39m
    [33maria-pressed[39m=[32m"true"[39m
    [33mclass[39m=[32m"active"[39m
    [33mtype[39m=[32m"button"[39m
  [36m/>[39m

  Name "Light theme":
  [36m<button[39m
    [33maria-label[39m=[32m"Light theme"[39m
    [33maria-pressed[39m=[32m"true"[39m
    [33mclass[39m=[32m"v4-theme-dot active"[39m
    [33mdata-theme[39m=[32m"light"[39m
    [33mtype[39m=[32m"button"[39m
  [36m/>[39m

  Name "Dark theme":
  [36m<button[39m
    [33maria-label[39m=[32m"Dark theme"[39m
    [33maria-pressed[39m=[32m"false"[39m
    [33mclass[39m=[32m"v4-theme-dot"[39m
    [33mdata-theme[39m=[32m"dark"[39m
    [33mtype[39m=[32m"button"[39m
  [36m/>[39m

  Name "Brand theme":
  [36m<button[39m
    [33maria-label[39m=[32m"Brand theme"[39m
    [33maria-pressed[39m=[32m"false"[39m
    [33mclass[39m=[32m"v4-theme-dot"[39m
    [33mdata-theme[39m=[32m"brand"[39m
    [33mtype[39m=[32m"button"[39m
  [36m/>[39m

  Name "Create onboarding":
  [36m<button[39m
    [33mclass[39m=[32m"v4-primary-button"[39m
    [33mtype[39m=[32m"button"[39m
  [36m/>[39m

  Name "Onboarding 1 On this page":
  [36m<button[39m
    [33maria-pressed[39m=[32m"false"[39m
    [33mclass[39m=[32m"v4-stat"[39m
    [33mtype[39m=[32m"button"[39m
  [36m/>[39m

  Name "Completed 2 On this page":
  [36m<button[39m
    [33maria-pressed[39m=[32m"false"[39m
    [33mclass[39m=[32m"v4-stat"[39m
    [33mtype[39m=[32m"button"[39m
  [36m/>[39m

  Name "Setting up 0 On this page":
  [36m<button[39m
    [33maria-pressed[39m=[32m"false"[39m
    [33mclass[39m=[32m"v4-stat"[39m
    [33mtype[39m=[32m"button"[39m
  [36m/>[39m

  Name "Needs attention 0 On this page":
  [36m<button[39m
    [33maria-pressed[39m=[32m"false"[39m
    [33mclass[39m=[32m"v4-stat"[39m
    [33mtype[39m=[32m"button"[39m
  [36m/>[39m

  Name "Reset":
  [36m<button[39m
    [33mclass[39m=[32m"v4-secondary-button"[39m
    [33mtype[39m=[32m"button"[39m
  [36m/>[39m

  Name "View roadmap":
  [36m<button[39m
    [33mclass[39m=[32m"v4-row-button"[39m
    [33mtype[39m=[32m"button"[39m
  [36m/>[39m

  Name "View roadmap":
  [36m<button[39m
    [33mclass[39m=[32m"v4-row-button"[39m
    [33mtype[39m=[32m"button"[39m
  [36m/>[39m

  Name "View roadmap":
  [36m<button[39m
    [33mclass[39m=[32m"v4-row-button"[39m
    [33mtype[39m=[32m"button"[39m
  [36m/>[39m

  Name "Previous":
  [36m<button[39m
    [33mdisabled[39m=[32m""[39m
    [33mtype[39m=[32m"button"[39m
  [36m/>[39m

  Name "Next":
  [36m<button[39m
    [33mdisabled[39m=[32m""[39m
    [33mtype[39m=[32m"button"[39m
  [36m/>[39m

  --------------------------------------------------
  banner:

  Name "":
  [36m<header[39m
    [33mclass[39m=[32m"v4-topbar"[39m
  [36m/>[39m

  --------------------------------------------------
  group:

  Name "Language":
  [36m<div[39m
    [33maria-label[39m=[32m"Language"[39m
    [33mclass[39m=[32m"v4-language"[39m
    [33mrole[39m=[32m"group"[39m
  [36m/>[39m

  Name "Appearance":
  [36m<div[39m
    [33maria-label[39m=[32m"Appearance"[39m
    [33mclass[39m=[32m"v4-themes"[39m
    [33mrole[39m=[32m"group"[39m
  [36m/>[39m

  --------------------------------------------------
  main:

  Name "":
  [36m<main[39m
    [33mclass[39m=[32m"v4-main"[39m
  [36m/>[39m

  --------------------------------------------------
  region:

  Name "Manage onboarding":
  [36m<section[39m
    [33maria-labelledby[39m=[32m"v4-hires-title"[39m
    [33mclass[39m=[32m"v4-screen"[39m
  [36m/>[39m

  Name "Employee":
  [36m<div[39m
    [33maria-label[39m=[32m"Employee"[39m
    [33mclass[39m=[32m"v4-table-wrap"[39m
    [33mrole[39m=[32m"region"[39m
    [33mtabindex[39m=[32m"0"[39m
  [36m/>[39m

  --------------------------------------------------
  paragraph:

  Name "":
  [36m<p[39m
    [33mclass[39m=[32m"v4-eyebrow"[39m
  [36m/>[39m

  Name "":
  [36m<p />[39m

  Name "":
  [36m<p[39m
    [33maria-live[39m=[32m"polite"[39m
    [33mclass[39m=[32m"v4-list-meta"[39m
  [36m/>[39m

  --------------------------------------------------
  heading:

  Name "Manage onboarding":
  [36m<h1[39m
    [33mid[39m=[32m"v4-hires-title"[39m
  [36m/>[39m

  --------------------------------------------------
  textbox:

  Name "Search people":
  [36m<input[39m
    [33mplaceholder[39m=[32m"Search by name"[39m
    [33mvalue[39m=[32m""[39m
  [36m/>[39m

  --------------------------------------------------
  combobox:

  Name "Filter by position":
  [36m<input[39m
    [33maria-autocomplete[39m=[32m"list"[39m
    [33maria-controls[39m=[32m"v4-position-options"[39m
    [33maria-expanded[39m=[32m"false"[39m
    [33maria-label[39m=[32m"Filter by position"[39m
    [33mid[39m=[32m"v4-position-filter"[39m
    [33mplaceholder[39m=[32m"All positions"[39m
    [33mrole[39m=[32m"combobox"[39m
    [33mvalue[39m=[32m""[39m
  [36m/>[39m

  Name "Filter by status":
  [36m<select />[39m

  --------------------------------------------------
  option:

  Name "All statuses":
  [36m<option[39m
    [33mvalue[39m=[32m"all"[39m
  [36m/>[39m

  Name "Setting up":
  [36m<option[39m
    [33mvalue[39m=[32m"provisioning"[39m
  [36m/>[39m

  Name "Learning":
  [36m<option[39m
    [33mvalue[39m=[32m"learning"[39m
  [36m/>[39m

  Name "Completed":
  [36m<option[39m
    [33mvalue[39m=[32m"done"[39m
  [36m/>[39m

  Name "Setup failed":
  [36m<option[39m
    [33mvalue[39m=[32m"failed"[39m
  [36m/>[39m

  Name "Cancelled":
  [36m<option[39m
    [33mvalue[39m=[32m"cancelled"[39m
  [36m/>[39m

  --------------------------------------------------
  table:

  Name "Employee":
  [36m<table[39m
    [33maria-label[39m=[32m"Employee"[39m
  [36m/>[39m

  --------------------------------------------------
  rowgroup:

  Name "":
  [36m<thead />[39m

  Name "":
  [36m<tbody />[39m

  --------------------------------------------------
  row:

  Name "Employee Position Start date Roadmap progress Quiz scores Status Actions":
  [36m<tr />[39m

  Name "Learning hire Engineering 09/30/2026 1/5 days 20% No scores yet Learning View roadmap":
  [36m<tr />[39m

  Name "Completed hire one Engineering 09/30/2026 5/5 days 100% No scores yet Completed View roadmap":
  [36m<tr />[39m

  Name "Completed hire two Engineering 09/30/2026 5/5 days 100% No scores yet Completed View roadmap":
  [36m<tr />[39m

  --------------------------------------------------
  columnheader:

  Name "Employee":
  [36m<th />[39m

  Name "Position":
  [36m<th />[39m

  Name "Start date":
  [36m<th />[39m

  Name "Roadmap progress":
  [36m<th />[39m

  Name "Quiz scores":
  [36m<th />[39m

  Name "Status":
  [36m<th />[39m

  Name "Actions":
  [36m<th />[39m

  --------------------------------------------------
  cell:

  Name "Learning hire":
  [36m<td />[39m

  Name "Engineering":
  [36m<td />[39m

  Name "09/30/2026":
  [36m<td />[39m

  Name "1/5 days 20%":
  [36m<td />[39m

  Name "No scores yet":
  [36m<td />[39m

  Name "Learning":
  [36m<td />[39m

  Name "View roadmap":
  [36m<td />[39m

  Name "Completed hire one":
  [36m<td />[39m

  Name "Engineering":
  [36m<td />[39m

  Name "09/30/2026":
  [36m<td />[39m

  Name "5/5 days 100%":
  [36m<td />[39m

  Name "No scores yet":
  [36m<td />[39m

  Name "Completed":
  [36m<td />[39m

  Name "View roadmap":
  [36m<td />[39m

  Name "Completed hire two":
  [36m<td />[39m

  Name "Engineering":
  [36m<td />[39m

  Name "09/30/2026":
  [36m<td />[39m

  Name "5/5 days 100%":
  [36m<td />[39m

  Name "No scores yet":
  [36m<td />[39m

  Name "Completed":
  [36m<td />[39m

  Name "View roadmap":
  [36m<td />[39m

  --------------------------------------------------

Ignored nodes: comments, script, style
[36m<body>[39m
  [36m<div>[39m
    [36m<div[39m
      [33mclass[39m=[32m"onboarding-v4"[39m
      [33mdata-theme-mode[39m=[32m"light"[39m
      [33mlang[39m=[32m"en"[39m
    [36m>[39m
      [36m<div[39m
        [33mclass[39m=[32m"v4-app"[39m
      [36m>[39m
        [36m<aside[39m
          [33maria-label[39m=[32m"Main navigation"[39m
          [33mclass[39m=[32m"v4-sidebar"[39m
        [36m>[39m
          [36m<div[39m
            [33mclass[39m=[32m"v4-brand"[39m
          [36m>[39m
            [36m<span[39m
              [33maria-hidden[39m=[32m"true"[39m
              [33mclass[39m=[32m"v4-brand-mark"[39m
            [36m/>[39m
            [36m<span>[39m
              [36m<strong>[39m
                [0mPrivOS Onboarding[0m
              [36m</strong>[39m
              [36m<small>[39m
                [0mLearning workspace[0m
              [36m</small>[39m
            [36m</span>[39m
          [36m</div>[39m
          [36m<div[39m
            [33mclass[39m=[32m"v4-nav-label"[39m
          [36m>[39m
            [0mAdministration[0m
          [36m</div>[39m
          [36m<nav[39m
            [33maria-label[39m=[32m"Main navigation"[39m
            [33mclass[39m=[32m"v4-nav"[39m
          [36m>[39m
            [36m<button[39m
              [33maria-current[39m=[32m"page"[39m
              [33maria-label[39m=[32m"People"[39m
              [33mclass[39m=[32m"v4-nav-button active"[39m
              [33mtype[39m=[32m"button"[39m
            [36m>[39m
              [36m<svg[39m
                [33maria-hidden[39m=[32m"true"[39m
                [33mclass[39m=[32m"v4-nav-icon"[39m
                [33mfill[39m=[32m"none"[39m
                [33mstroke[39m=[32m"currentColor"[39m
                [33mstroke-linecap[39m=[32m"round"[39m
                [33mstroke-linejoin[39m=[32m"round"[39m
                [33mstroke-width[39m=[32m"1.8"[39m
                [33mviewBox[39m=[32m"0 0 24 24"[39m
              [36m>[39m
                [36m<path[39m
                  [33md[39m=[32m"M16 21v-2a4 4 0 0 0-4-4H6a4 4 0 0 0-4 4v2"[39m
                [36m/>[39m
                [36m<circle[39m
                  [33mcx[39m=[32m"9"[39m
                  [33mcy[39m=[32m"7"[39m
                  [33mr[39m=[32m"4"[39m
                [36m/>[39m
                [36m<path[39m
                  [33md[39m=[32m"M22 21v-2a4 4 0 0 0-3-3.87M16 3.13a4 4 0 0 1 0 7.75"[39m
                [36m/>[39m
              [36m</svg>[39m
              [36m<span>[39m
                [0mPeople[0m
              [36m</span>[39m
            [36m</button>[39m
            [36m<button[39m
              [33maria-label[39m=[32m"New onboarding"[39m
              [33mclass[39m=[32m"v4-nav-button"[39m
              [33mtype[39m=[32m"button"[39m
            [36m>[39m
              [36m<svg[39m
                [33maria-hidden[39m=[32m"true"[39m
                [33mclass[39m=[32m"v4-nav-icon"[39m
                [33mfill[39m=[32m"none"[39m
                [33mstroke[39m=[32m"currentColor"[39m
                [33mstroke-linecap[39m=[32m"round"[39m
                [33mstroke-linejoin[39m=[32m"round"[39m
                [33mstroke-width[39m=[32m"1.8"[39m
                [33mviewBox[39m=[32m"0 0 24 24"[39m
              [36m>[39m
                [36m<path[39m
                  [33md[39m=[32m"M12 5v14M5 12h14"[39m
                [36m/>[39m
              [36m</svg>[39m
              [36m<span>[39m
                [0mNew onboarding[0m
              [36m</span>[39m
            [36m</button>[39m
            [36m<button[39m
              [33maria-label[39m=[32m"Templates"[39m
              [33mclass[39m=[32m"v4-nav-button"[39m
              [33mtype[39m=[32m"button"[39m
            [36m>[39m
              [36m<svg[39m
                [33maria-hidden[39m=[32m"true"[39m
                [33mclass[39m=[32m"v4-nav-icon"[39m
                [33mfill[39m=[32m"none"[39m
                [33mstroke[39m=[32m"currentColor"[39m
                [33mstroke-linecap[39m=[32m"round"[39m
                [33mstroke-linejoin[39m=[32m"round"[39m
                [33mstroke-width[39m=[32m"1.8"[39m
                [33mviewBox[39m=[32m"0 0 24 24"[39m
              [36m>[39m
                [36m<rect[39m
                  [33mheight[39m=[32m"18"[39m
                  [33mrx[39m=[32m"2"[39m
                  [33mwidth[39m=[32m"18"[39m
                  [33mx[39m=[32m"3"[39m
                  [33my[39m=[32m"3"[39m
                [36m/>[39m
                [36m<path[39m
                  [33md[39m=[32m"M3 9h18M9 21V9"[39m
                [36m/>[39m
              [36m</svg>[39m
              [36m<span>[39m
                [0mTemplates[0m
              [36m</span>[39m
            [36m</button>[39m
          [36m</nav>[39m
        [36m</aside>[39m
        [36m<div[39m
          [33mclass[39m=[32m"v4-shell"[39m
        [36m>[39m
          [36m<header[39m
            [33mclass[39m=[32m"v4-topbar"[39m
          [36m>[39m
            [36m<div[39m
              [33mclass[39m=[32m"v4-context"[39m
            [36m>[39m
              [36m<strong>[39m
                [0mPeople[0m
              [36m</strong>[39m
              [36m<span>[39m
                [0mOnboarding[0m
              [36m</span>[39m
            [36m</div>[39m
            [36m<div[39m
              [33mclass[39m=[32m"v4-top-actions"[39m
            [36m>[39m
              [36m<div[39m
                [33maria-label[39m=[32m"Language"[39m
                [33mclass[39m=[32m"v4-language"[39m
                [33mrole[39m=[32m"group"[39m
              [36m>[39m
                [36m<button[39m
                  [33maria-pressed[39m=[32m"false"[39m
                  [33mclass[39m=[32m""[39m
                  [33mtype[39m=[32m"button"[39m
                [36m>[39m
                  [0mVI[0m
                [36m</button>[39m
                [36m<button[39m
                  [33maria-pressed[39m=[32m"true"[39m
                  [33mclass[39m=[32m"active"[39m
                  [33mtype[39m=[32m"button"[39m
                [36m>[39m
                  [0mEN[0m
                [36m</button>[39m
              [36m</div>[39m
              [36m<div[39m
                [33maria-label[39m=[32m"Appearance"[39m
                [33mclass[39m=[32m"v4-themes"[39m
                [33mrole[39m=[32m"group"[39m
              [36m>[39m
                [36m<button[39m
                  [33maria-label[39m=[32m"Light theme"[39m
                  [33maria-pressed[39m=[32m"true"[39m
                  [33mclass[39m=[32m"v4-theme-dot active"[39m
                  [33mdata-theme[39m=[32m"light"[39m
                  [33mtype[39m=[32m"button"[39m
                [36m/>[39m
                [36m<button[39m
                  [33maria-label[39m=[32m"Dark theme"[39m
                  [33maria-pressed[39m=[32m"false"[39m
                  [33mclass[39m=[32m"v4-theme-dot"[39m
                  [33mdata-theme[39m=[32m"dark"[39m
                  [33mtype[39m=[32m"button"[39m
                [36m/>[39m
                [36m<button[39m
                  [33maria-label[39m=[32m"Brand theme"[39m
                  [33maria-pressed[39m=[32m"false"[39m
                  [33mclass[39m=[32m"v4-theme-dot"[39m
                  [33mdata-theme[39m=[32m"brand"[39m
                  [33mtype[39m=[32m"button"[39m
                [36m/>[39m
              [36m</div>[39m
            [36m</div>[39m
          [36m</header>[39m
          [36m<main[39m
            [33mclass[39m=[32m"v4-main"[39m
          [36m>[39m
            [36m<section[39m
              [33maria-labelledby[39m=[32m"v4-hires-title"[39m
              [33mclass[39m=[32m"v4-screen"[39m
            [36m>[39m
              [36m<div[39m
                [33mclass[39m=[32m"v4-page-head"[39m
              [36m>[39m
                [36m<div>[39m
                  [36m<p[39m
                    [33mclass[39m=[32m"v4-eyebrow"[39m
                  [36m>[39m
                    [0mOn this page[0m
                    [0m · [0m
                    [0m3[0m
                    [0m [0m
                    [0mprofiles[0m
                  [36m</p>[39m
                  [36m<h1[39m
                    [33mid[39m=[32m"v4-hires-title"[39m
                  [36m>[39m
                    [0mManage onboarding[0m
                  [36m</h1>[39m
                  [36m<p>[39m
                    [0mTrack employee progress and status in this room.[0m
                  [36m</p>[39m
                [36m</div>[39m
                [36m<button[39m
                  [33mclass[39m=[32m"v4-primary-button"[39m
                  [33mtype[39m=[32m"button"[39m
                [36m>[39m
                  [0mCreate onboarding[0m
                [36m</button>[39m
              [36m</div>[39m
              [36m<div[39m
                [33maria-label[39m=[32m"On this page"[39m
                [33mclass[39m=[32m"v4-stats"[39m
              [36m>[39m
                [36m<button[39m
                  [33maria-pressed[39m=[32m"false"[39m
                  [33mclass[39m=[32m"v4-stat"[39m
                  [33mtype[39m=[32m"button"[39m
                [36m>[39m
                  [36m<span>[39m
                    [0mOnboarding[0m
                  [36m</span>[39m
                  [36m<strong>[39m
                    [0m1[0m
                  [36m</strong>[39m
                  [36m<small>[39m
                    [0mOn this page[0m
                  [36m</small>[39m
                [36m</button>[39m
                [36m<button[39m
                  [33maria-pressed[39m=[32m"false"[39m
                  [33mclass[39m=[32m"v4-stat"[39m
                  [33mtype[39m=[32m"button"[39m
                [36m>[39m
                  [36m<span>[39m
                    [0mCompleted[0m
                  [36m</span>[39m
                  [36m<strong>[39m
                    [0m2[0m
                  [36m</strong>[39m
                  [36m<small>[39m
                    [0mOn this page[0m
                  [36m</small>[39m
                [36m</button>[39m
                [36m<button[39m
                  [33maria-pressed[39m=[32m"false"[39m
                  [33mclass[39m=[32m"v4-stat"[39m
                  [33mtype[39m=[32m"button"[39m
                [36m>[39m
                  [36m<span>[39m
                    [0mSetting up[0m
                  [36m</span>[39m
                  [36m<strong>[39m
                    [0m0[0m
                  [36m</strong>[39m
                  [36m<small>[39m
                    [0mOn this page[0m
                  [36m</small>[39m
                [36m</button>[39m
                [36m<button[39m
                  [33maria-pressed[39m=[32m"false"[39m
                  [33mclass[39m=[32m"v4-stat"[39m
                  [33mtype[39m=[32m"button"[39m
                [36m>[39m
                  [36m<span>[39m
                    [0mNeeds attention[0m
                  [36m</span>[39m
                  [36m<strong>[39m
                    [0m0[0m
                  [36m</strong>[39m
                  [36m<small>[39m
                    [0mOn this page[0m
                  [36m</small>[39m
                [36m</button>[39m
              [36m</div>[39m
              [36m<div[39m
                [33mclass[39m=[32m"v4-toolbar v4-hires-toolbar"[39m
              [36m>[39m
                [36m<label[39m
                  [33mclass[39m=[32m"v4-search"[39m
                [36m>[39m
                  [36m<span[39m
                    [33mclass[39m=[32m"v4-visually-hidden"[39m
                  [36m>[39m
                    [0mSearch people[0m
                  [36m</span>[39m
                  [36m<input[39m
                    [33mplaceholder[39m=[32m"Search by name"[39m
                    [33mvalue[39m=[32m""[39m
                  [36m/>[39m
                [36m</label>[39m
                [36m<div[39m
                  [33mclass[39m=[32m"v4-position-typeahead"[39m
                [36m>[39m
                  [36m<label[39m
                    [33mclass[39m=[32m"v4-visually-hidden"[39m
                    [33mfor[39m=[32m"v4-position-filter"[39m
                  [36m>[39m
                    [0mFilter by position[0m
                  [36m</label>[39m
                  [36m<input[39m
                    [33maria-autocomplete[39m=[32m"list"[39m
                    [33maria-controls[39m=[32m"v4-position-options"[39m
                    [33maria-expanded[39m=[32m"false"[39m
                    [33maria-label[39m=[32m"Filter by position"[39m
                    [33mid[39m=[32m"v4-position-filter"[39m
                    [33mplaceholder[39m=[32m"All positions"[39m
                    [33mrole[39m=[32m"combobox"[39m
                    [33mvalue[39m=[32m""[39m
                  [36m/>[39m
                [36m</div>[39m
                [36m<label[39m
                  [33mclass[39m=[32m"v4-filter"[39m
                [36m>[39m
                  [36m<span[39m
                    [33mclass[39m=[32m"v4-visually-hidden"[39m
                  [36m>[39m
                    [0mFilter by status[0m
                  [36m</span>[39m
                  [36m<select>[39m
                    [36m<option[39m
                      [33mvalue[39m=[32m"all"[39m
                    [36m>[39m
                      [0mAll statuses[0m
                    [36m</option>[39m
                    [36m<option[39m
                      [33mvalue[39m=[32m"provisioning"[39m
                    [36m>[39m
                      [0mSetting up[0m
                    [36m</option>[39m
                    [36m<option[39m
                      [33mvalue[39m=[32m"learning"[39m
                    [36m>[39m
                      [0mLearning[0m
                    [36m</option>[39m
                    [36m<option[39m
                      [33mvalue[39m=[32m"done"[39m
                    [36m>[39m
                      [0mCompleted[0m
                    [36m</option>[39m
                    [36m<option[39m
                      [33mvalue[39m=[32m"failed"[39m
                    [36m>[39m
                      [0mSetup failed[0m
                    [36m</option>[39m
                    [36m<option[39m
                      [33mvalue[39m=[32m"cancelled"[39m
                    [36m>[39m
                      [0mCancelled[0m
                    [36m</option>[39m
                  [36m</select>[39m
                [36m</label>[39m
                [36m<button[39m
                  [33mclass[39m=[32m"v4-secondary-button"[39m
                  [33mtype[39m=[32m"button"[39m
                [36m>[39m
                  [0mReset[0m
                [36m</button>[39m
              [36m</div>[39m
              [36m<p[39m
                [33maria-live[39m=[32m"polite"[39m
                [33mclass[39m=[32m"v4-list-meta"[39m
              [36m>[39m
                [0mShowing 3 profiles · on this page[0m
              [36m</p>[39m
              [36m<div[39m
                [33maria-label[39m=[32m"Employee"[39m
                [33mclass[39m=[32m"v4-table-wrap"[39m
                [33mrole[39m=[32m"region"[39m
                [33mtabindex[39m=[32m"0"[39m
              [36m>[39m
                [36m<table[39m
                  [33maria-label[39m=[32m"Employee"[39m
                [36m>[39m
                  [36m<thead>[39m
                    [36m<tr>[39m
                      [36m<th>[39m
                        [0mEmployee[0m
                      [36m</th>[39m
                      [36m<th>[39m
                        [0mPosition[0m
                      [36m</th>[39m
                      [36m<th>[39m
                        [0mStart date[0m
                      [36m</th>[39m
                      [36m<th>[39m
                        [0mRoadmap progress[0m
                      [36m</th>[39m
                      [36m<th>[39m
                        [0mQuiz scores[0m
                      [36m</th>[39m
                      [36m<th>[39m
                        [0mStatus[0m
                      [36m</th>[39m
                      [36m<th>[39m
                        [0mActions[0m
                      [36m</th>[39m
                    [36m</tr>[39m
                  [36m</thead>[39m
                  [36m<tbody>[39m
                    [36m<tr>[39m
                      [36m<td>[39m
                        [36m<strong>[39m
                          [0mLearning hire[0m
                        [36m</strong>[39m
                      [36m</td>[39m
                      [36m<td>[39m
                        [0mEngineering[0m
                      [36m</td>[39m
                      [36m<td>[39m
                        [0m09/30/2026[0m
                      [36m</td>[39m
                      [36m<td>[39m
                        [36m<div[39m
                          [33mclass[39m=[32m"v4-progress-copy"[39m
                        [36m>[39m
                          [36m<strong>[39m
                            [0m1[0m
                            [0m/[0m
                            [0m5[0m
                            [0m [0m
                            [0mdays[0m
                          [36m</strong>[39m
                          [36m<span>[39m
                            [0m20%[0m
                          [36m</span>[39m
                        [36m</div>[39m
                        [36m<div[39m
                          [33mclass[39m=[32m"v4-mini-progress"[39m
                        [36m>[39m
                          [36m<span[39m
                            [33mstyle[39m=[32m"width: 20%;"[39m
                          [36m/>[39m
                        [36m</div>[39m
                      [36m</td>[39m
                      [36m<td>[39m
                        [36m<span[39m
                          [33mclass[39m=[32m"v4-muted"[39m
                        [36m>[39m
                          [0mNo scores yet[0m
                        [36m</span>[39m
                      [36m</td>[39m
                      [36m<td>[39m
                        [36m<span[39m
                          [33mclass[39m=[32m"v4-badge v4-badge-learning"[39m
                        [36m>[39m
                          [0mLearning[0m
                        [36m</span>[39m
                      [36m</td>[39m
                      [36m<td>[39m
                        [36m<button[39m
                          [33mclass[39m=[32m"v4-row-button"[39m
                          [33mtype[39m=[32m"button"[39m
                        [36m>[39m
                          [0mView roadmap[0m
                        [36m</button>[39m
                      [36m</td>[39m
                    [36m</tr>[39m
                    [36m<tr>[39m
                      [36m<td>[39m
                        [36m<strong>[39m
                          [0mCompleted hire one[0m
                        [36m</strong>[39m
                      [36m</td>[39m
                      [36m<td>[39m
                        [0mEngineering[0m
                      [36m</td>[39m
                      [36m<td>[39m
                        [0m09/30/2026[0m
                      [36m</td>[39m
                      [36m<td>[39m
                        [36m<div[39m
                          [33mclass[39m=[32m"v4-progress-copy"[39m
                        [36m>[39m
                          [36m<strong>[39m
                            [0m5[0m
                            [0m/[0m
                            [0m5[0m
                            [0m [0m
                            [0mdays[0m
                          [36m</strong>[39m
                          [36m<span>[39m
                            [0m100%[0m
                          [36m</span>[39m
                        [36m</div>[39m
                        [36m<div[39m
                          [33mclass[39m=[32m"v4-mini-progress"[39m
                        [36m>[39m
                          [36m<span[39m
                            [33mstyle[39m=[32m"width: 100%;"[39m
                          [36m/>[39m
                        [36m</div>[39m
                      [36m</td>[39m
                      [36m<td>[39m
                        [36m<span[39m
                          [33mclass[39m=[32m"v4-muted"[39m
                        [36m>[39m
                          [0mNo scores yet[0m
                        [36m</span>[39m
                      [36m</td>[39m
                      [36m<td>[39m
                        [36m<span[39m
                          [33mclass[39m=[32m"v4-badge v4-badge-done"[39m
                        [36m>[39m
                          [0mCompleted[0m
                        [36m</span>[39m
                      [36m</td>[39m
                      [36m<td>[39m
                        [36m<button[39m
                          [33mclass[39m=[32m"v4-row-button"[39m
                          [33mtype[39m=[32m"button"[39m
                        [36m>[39m
                          [0mView roadmap[0m
                        [36m</button>[39m
                      [36m</td>[39m
                    [36m</tr>[39m
                    [36m<tr>[39m
                      [36m<td>[39m
                        [36m<strong>[39m
                          [0mCompleted hire two[0m
                        [36m</strong>[39m
                      [36m</td>[39m
                      [36m<td>[39m
                        [0mEngineering[0m
                      [36m</td>[39m
                      [36m<td>[39m
                        [0m09/30/2026[0m
                      [36m</td>[39m
                      [36m<td>[39m
                        [36m<div[39m
                          [33mclass[39m=[32m"v4-progress-copy"[39m
                        [36m>[39m
                          [36m<strong>[39m
                            [0m5[0m
                            [0m/[0m
                            [0m5[0m
                            [0m [0m
                            [0mdays[0m
                          [36m</strong>[39m
                          [36m<span>[39m
                            [0m100%[0m
                          [36m</span>[39m
                        [36m</div>[39m
                        [36m<div[39m
                          [33mclass[39m=[32m"v4-mini-progress"[39m
                        [36m>[39m
                          [36m<span[39m
                            [33mstyle[39m=[32m"width: 100%;"[39m
                          [36m/>[39m
                        [36m</div>[39m
                      [36m</td>[39m
                      [36m<td>[39m
                        [36m<span[39m
                          [33mclass[39m=[32m"v4-muted"[39m
                        [36m>[39m
                          [0mNo scores yet[0m
                        [36m</span>[39m
                      [36m</td>[39m
                      [36m<td>[39m
                        [36m<span[39m
                          [33mclass[39m=[32m"v4-badge v4-badge-done"[39m
                        [36m>[39m
                          [0mCompleted[0m
                        [36m</span>[39m
                      [36m</td>[39m
                      [36m<td>[39m
                        [36m<button[39m
                          [33mclass[39m=[32m"v4-row-button"[39m
                          [33mtype[39m=[32m"button"[39m
                        [36m>[39m
                          [0mView roadmap[0m
                        [36m</button>[39m
                      [36m</td>[39m
                    [36m</tr>[39m
                  [36m</tbody>[39m
                [36m</table>[39m
              [36m</div>[39m
              [36m<div[39m
                [33mclass[39m=[32m"v4-pager"[39m
              [36m>[39m
                [36m<button[39m
                  [33mdisabled[39m=[32m""[39m
                  [33mtype[39m=[32m"button"[39m
                [36m>[39m
                  [0mPrevious[0m
                [36m</button>[39m
                [36m<button[39m
                  [33mdisabled[39m=[32m""[39m
                  [33mtype[39m=[32m"button"[39m
                [36m>[39m
                  [0mNext[0m
                [36m</button>[39m
              [36m</div>[39m
            [36m</section>[39m
          [36m</main>[39m
        [36m</div>[39m
      [36m</div>[39m
    [36m</div>[39m
  [36m</div>[39m
[36m</body>[39m
 ❯ Object.getElementError node_modules/@testing-library/dom/dist/config.js:37:19
 ❯ node_modules/@testing-library/dom/dist/query-helpers.js:76:38
 ❯ node_modules/@testing-library/dom/dist/query-helpers.js:52:17
 ❯ node_modules/@testing-library/dom/dist/query-helpers.js:95:19
 ❯ tests/onboarding/v4-bootstrap.spec.tsx:163:29
    161| 
    162|     await screen.findByText('Completed hire one');
    163|     await user.click(screen.getByRole('button', { name: 'Learning' }));
       |                             ^
    164|     await waitFor(() => expect(mocks.hires).toHaveBeenLastCalledWith({…
    165|     await user.type(screen.getByRole('textbox', { name: 'Search people…

⎯⎯⎯⎯⎯⎯⎯⎯⎯⎯⎯⎯⎯⎯⎯⎯⎯⎯⎯⎯⎯⎯⎯⎯[5/7]⎯

 FAIL  tests/onboarding/v4-bootstrap.spec.tsx > v4 room bootstrap surface > keeps the applied position while searching another and appends further lookup pages
AssertionError: expected last "spy" call to have been called with [ { text: 'Fin' }, undefined ]

Ignored nodes: comments, script, style
[36m<html>[39m
  [36m<head />[39m
  [36m<body>[39m
    [36m<div>[39m
      [36m<div[39m
        [33mclass[39m=[32m"onboarding-v4"[39m
        [33mdata-theme-mode[39m=[32m"light"[39m
        [33mlang[39m=[32m"en"[39m
      [36m>[39m
        [36m<div[39m
          [33mclass[39m=[32m"v4-app"[39m
        [36m>[39m
          [36m<aside[39m
            [33maria-label[39m=[32m"Main navigation"[39m
            [33mclass[39m=[32m"v4-sidebar"[39m
          [36m>[39m
            [36m<div[39m
              [33mclass[39m=[32m"v4-brand"[39m
            [36m>[39m
              [36m<span[39m
                [33maria-hidden[39m=[32m"true"[39m
                [33mclass[39m=[32m"v4-brand-mark"[39m
              [36m/>[39m
              [36m<span>[39m
                [36m<strong>[39m
                  [0mPrivOS Onboarding[0m
                [36m</strong>[39m
                [36m<small>[39m
                  [0mLearning workspace[0m
                [36m</small>[39m
              [36m</span>[39m
            [36m</div>[39m
            [36m<div[39m
              [33mclass[39m=[32m"v4-nav-label"[39m
            [36m>[39m
              [0mAdministration[0m
            [36m</div>[39m
            [36m<nav[39m
              [33maria-label[39m=[32m"Main navigation"[39m
              [33mclass[39m=[32m"v4-nav"[39m
            [36m>[39m
              [36m<button[39m
                [33maria-current[39m=[32m"page"[39m
                [33maria-label[39m=[32m"People"[39m
                [33mclass[39m=[32m"v4-nav-button active"[39m
                [33mtype[39m=[32m"button"[39m
              [36m>[39m
                [36m<svg[39m
                  [33maria-hidden[39m=[32m"true"[39m
                  [33mclass[39m=[32m"v4-nav-icon"[39m
                  [33mfill[39m=[32m"none"[39m
                  [33mstroke[39m=[32m"currentColor"[39m
                  [33mstroke-linecap[39m=[32m"round"[39m
                  [33mstroke-linejoin[39m=[32m"round"[39m
                  [33mstroke-width[39m=[32m"1.8"[39m
                  [33mviewBox[39m=[32m"0 0 24 24"[39m
                [36m>[39m
                  [36m<path[39m
                    [33md[39m=[32m"M16 21v-2a4 4 0 0 0-4-4H6a4 4 0 0 0-4 4v2"[39m
                  [36m/>[39m
                  [36m<circle[39m
                    [33mcx[39m=[32m"9"[39m
                    [33mcy[39m=[32m"7"[39m
                    [33mr[39m=[32m"4"[39m
                  [36m/>[39m
                  [36m<path[39m
                    [33md[39m=[32m"M22 21v-2a4 4 0 0 0-3-3.87M16 3.13a4 4 0 0 1 0 7.75"[39m
                  [36m/>[39m
                [36m</svg>[39m
                [36m<span>[39m
                  [0mPeople[0m
                [36m</span>[39m
              [36m</button>[39m
              [36m<button[39m
                [33maria-label[39m=[32m"New onboarding"[39m
                [33mclass[39m=[32m"v4-nav-button"[39m
                [33mtype[39m=[32m"button"[39m
              [36m>[39m
                [36m<svg[39m
                  [33maria-hidden[39m=[32m"true"[39m
                  [33mclass[39m=[32m"v4-nav-icon"[39m
                  [33mfill[39m=[32m"none"[39m
                  [33mstroke[39m=[32m"currentColor"[39m
                  [33mstroke-linecap[39m=[32m"round"[39m
                  [33mstroke-linejoin[39m=[32m"round"[39m
                  [33mstroke-width[39m=[32m"1.8"[39m
                  [33mviewBox[39m=[32m"0 0 24 24"[39m
                [36m>[39m
                  [36m<path[39m
                    [33md[39m=[32m"M12 5v14M5 12h14"[39m
                  [36m/>[39m
                [36m</svg>[39m
                [36m<span>[39m
                  [0mNew onboarding[0m
                [36m</span>[39m
              [36m</button>[39m
              [36m<button[39m
                [33maria-label[39m=[32m"Templates"[39m
                [33mclass[39m=[32m"v4-nav-button"[39m
                [33mtype[39m=[32m"button"[39m
              [36m>[39m
                [36m<svg[39m
                  [33maria-hidden[39m=[32m"true"[39m
                  [33mclass[39m=[32m"v4-nav-icon"[39m
                  [33mfill[39m=[32m"none"[39m
                  [33mstroke[39m=[32m"currentColor"[39m
                  [33mstroke-linecap[39m=[32m"round"[39m
                  [33mstroke-linejoin[39m=[32m"round"[39m
                  [33mstroke-width[39m=[32m"1.8"[39m
                  [33mviewBox[39m=[32m"0 0 24 24"[39m
                [36m>[39m
                  [36m<rect[39m
                    [33mheight[39m=[32m"18"[39m
                    [33mrx[39m=[32m"2"[39m
                    [33mwidth[39m=[32m"18"[39m
                    [33mx[39m=[32m"3"[39m
                    [33my[39m=[32m"3"[39m
                  [36m/>[39m
                  [36m<path[39m
                    [33md[39m=[32m"M3 9h18M9 21V9"[39m
                  [36m/>[39m
                [36m</svg>[39m
                [36m<span>[39m
                  [0mTemplates[0m
                [36m</span>[39m
              [36m</button>[39m
            [36m</nav>[39m
          [36m</aside>[39m
          [36m<div[39m
            [33mclass[39m=[32m"v4-shell"[39m
          [36m>[39m
            [36m<header[39m
              [33mclass[39m=[32m"v4-topbar"[39m
            [36m>[39m
              [36m<div[39m
                [33mclass[39m=[32m"v4-context"[39m
              [36m>[39m
                [36m<strong>[39m
                  [0mPeople[0m
                [36m</strong>[39m
                [36m<span>[39m
                  [0mOnboarding[0m
                [36m</span>[39m
              [36m</div>[39m
              [36m<div[39m
                [33mclass[39m=[32m"v4-top-actions"[39m
              [36m>[39m
                [36m<div[39m
                  [33maria-label[39m=[32m"Language"[39m
                  [33mclass[39m=[32m"v4-language"[39m
                  [33mrole[39m=[32m"group"[39m
                [36m>[39m
                  [36m<button[39m
                    [33maria-pressed[39m=[32m"false"[39m
                    [33mclass[39m=[32m""[39m
                    [33mtype[39m=[32m"button"[39m
                  [36m>[39m
                    [0mVI[0m
                  [36m</button>[39m
                  [36m<button[39m
                    [33maria-pressed[39m=[32m"true"[39m
                    [33mclass[39m=[32m"active"[39m
                    [33mtype[39m=[32m"button"[39m
                  [36m>[39m
                    [0mEN[0m
                  [36m</button>[39m
                [36m</div>[39m
                [36m<div[39m
                  [33maria-label[39m=[32m"Appearance"[39m
                  [33mclass[39m=[32m"v4-themes"[39m
                  [33mrole[39m=[32m"group"[39m
                [36m>[39m
                  [36m<button[39m
                    [33maria-label[39m=[32m"Light theme"[39m
                    [33maria-pressed[39m=[32m"true"[39m
                    [33mclass[39m=[32m"v4-theme-dot active"[39m
                    [33mdata-theme[39m=[32m"light"[39m
                    [33mtype[39m=[32m"button"[39m
                  [36m/>[39m
                  [36m<button[39m
                    [33maria-label[39m=[32m"Dark theme"[39m
                    [33maria-pressed[39m=[32m"false"[39m
                    [33mclass[39m=[32m"v4-theme-dot"[39m
                    [33mdata-theme[39m=[32m"dark"[39m
                    [33mtype[39m=[32m"button"[39m
                  [36m/>[39m
                  [36m<button[39m
                    [33maria-label[39m=[32m"Brand theme"[39m
                    [33maria-pressed[39m=[32m"false"[39m
                    [33mclass[39m=[32m"v4-theme-dot"[39m
                    [33mdata-theme[39m=[32m"brand"[39m
                    [33mtype[39m=[32m"button"[39m
                  [36m/>[39m
                [36m</div>[39m
              [36m</div>[39m
            [36m</header>[39m
            [36m<main[39m
              [33mclass[39m=[32m"v4-main"[39m
            [36m>[39m
              [36m<section[39m
                [33maria-labelledby[39m=[32m"v4-hires-title"[39m
                [33mclass[39m=[32m"v4-screen"[39m
              [36m>[39m
                [36m<div[39m
                  [33mclass[39m=[32m"v4-page-head"[39m
                [36m>[39m
                  [36m<div>[39m
                    [36m<p[39m
                      [33mclass[39m=[32m"v4-eyebrow"[39m
                    [36m>[39m
                      [0mOn this page[0m
                      [0m · [0m
                      [0m0[0m
                      [0m [0m
                      [0mprofiles[0m
                    [36m</p>[39m
                    [36m<h1[39m
                      [33mid[39m=[32m"v4-hires-title"[39m
                    [36m>[39m
                      [0mManage onboarding[0m
                    [36m</h1>[39m
                    [36m<p>[39m
                      [0mTrack employee progress and status in this room.[0m
                    [36m</p>[39m
                  [36m</div>[39m
                  [36m<button[39m
                    [33mclass[39m=[32m"v4-primary-button"[39m
                    [33mtype[39m=[32m"button"[39m
                  [36m>[39m
                    [0mCreate onboarding[0m
                  [36m</button>[39m
                [36m</div>[39m
                [36m<div[39m
                  [33maria-label[39m=[32m"On this page"[39m
                  [33mclass[39m=[32m"v4-stats"[39m
                [36m>[39m
                  [36m<button[39m
                    [33maria-pressed[39m=[32m"false"[39m
                    [33mclass[39m=[32m"v4-stat"[39m
                    [33mtype[39m=[32m"button"[39m
                  [36m>[39m
                    [36m<span>[39m
                      [0mOnboarding[0m
                    [36m</span>[39m
                    [36m<strong>[39m
                      [0m0[0m
                    [36m</strong>[39m
                    [36m<small>[39m
                      [0mOn this page[0m
                    [36m</small>[39m
                  [36m</button>[39m
                  [36m<button[39m
                    [33maria-pressed[39m=[32m"false"[39m
                    [33mclass[39m=[32m"v4-stat"[39m
                    [33mtype[39m=[32m"button"[39m
                  [36m>[39m
                    [36m<span>[39m
                      [0mCompleted[0m
                    [36m</span>[39m
                    [36m<strong>[39m
                      [0m0[0m
                    [36m</strong>[39m
                    [36m<small>[39m
                      [0mOn this page[0m
                    [36m</small>[39m
                  [36m</button>[39m
                  [36m<button[39m
                    [33maria-pressed[39m=[32m"false"[39m
                    [33mclass[39m=[32m"v4-stat"[39m
                    [33mtype[39m=[32m"button"[39m
                  [36m>[39m
                    [36m<span>[39m
                      [0mSetting up[0m
                    [36m</span>[39m
                    [36m<strong>[39m
                      [0m0[0m
                    [36m</strong>[39m
                    [36m<small>[39m
                      [0mOn this page[0m
                    [36m</small>[39m
                  [36m</button>[39m
                  [36m<button[39m
                    [33maria-pressed[39m=[32m"false"[39m
                    [33mclass[39m=[32m"v4-stat"[39m
                    [33mtype[39m=[32m"button"[39m
                  [36m>[39m
                    [36m<span>[39m
                      [0mNeeds attention[0m
                    [36m</span>[39m
                    [36m<strong>[39m
                      [0m0[0m
                    [36m</strong>[39m
                    [36m<small>[39m
                      [0mOn this page[0m
                    [36m</small>[39m
                  [36m</button>[39m
                [36m</div>[39m
                [36m<div[39m
                  [33mclass[39m=[32m"v4-toolbar v4-hires-toolbar"[39m
                [36m>[39m
                  [36m<label[39m
                    [33mclass[39m=[32m"v4-search"[39m
                  [36m>[39m
                    [36m<span[39m
                      [33mclass[39m=[32m"v4-visually-hidden"[39m
                    [36m>[39m
                      [0mSearch people[0m
                    [36m</span>[39m
                    [36m<input[39m
                      [33mplaceholder[39m=[32m"Search by name"[39m
                      [33mvalue[39m=[32m""[39m
                    [36m/>[39m
                  [36m</label>[39m
                  [36m<div[39m
                    [33mclass[39m=[32m"v4-position-typeahead"[39m
                  [36m>[39m
                    [36m<label[39m
                      [33mclass[39m=[32m"v4-visually-hidden"[39m
                      [33mfor[39m=[32m"v4-position-filter"[39m
                    [36m>[39m
                      [0mFilter by position[0m
                    [36m</label>[39m
                    [36m<input[39m
                      [33maria-autocomplete[39m=[32m"list"[39m
                      [33maria-controls[39m=[32m"v4-position-options"[39m
                      [33maria-expanded[39m=[32m"true"[39m
                      [33maria-label[39m=[32m"Filter by position"[39m
                      [33mid[39m=[32m"v4-position-filter"[39m
                      [33mplaceholder[39m=[32m"All positions"[39m
                      [33mrole[39m=[32m"combobox"[39m
                      [33mvalue[39m=[32m"Fin"[39m
                    [36m/>[39m
                    [36m<div[39m
                      [33maria-label[39m=[32m"Filter by position"[39m
                      [33mclass[39m=[32m"v4-position-options"[39m
                      [33mid[39m=[32m"v4-position-options"[39m
                      [33mrole[39m=[32m"listbox"[39m
                    [36m>[39m
                      [36m<p>[39m
                        [0mNo matching positions.[0m
                      [36m</p>[39m
                    [36m</div>[39m
                  [36m</div>[39m
                  [36m<label[39m
                    [33mclass[39m=[32m"v4-filter"[39m
                  [36m>[39m
                    [36m<span[39m
                      [33mclass[39m=[32m"v4-visually-hidden"[39m
                    [36m>[39m
                      [0mFilter by status[0m
                    [36m</span>[39m
                    [36m<select>[39m
                      [36m<option[39m
                        [33mvalue[39m=[32m"all"[39m
                      [36m>[39m
                        [0mAll statuses[0m
                      [36m</option>[39m
                      [36m<option[39m
                        [33mvalue[39m=[32m"provisioning"[39m
                      [36m>[39m
                        [0mSetting up[0m
                      [36m</option>[39m
                      [36m<option[39m
                        [33mvalue[39m=[32m"learning"[39m
                      [36m>[39m
                        [0mLearning[0m
                      [36m</option>[39m
                      [36m<option[39m
                        [33mvalue[39m=[32m"done"[39m
                      [36m>[39m
                        [0mCompleted[0m
                      [36m</option>[39m
                      [36m<option[39m
                        [33mvalue[39m=[32m"failed"[39m
                      [36m>[39m
                        [0mSetup failed[0m
                      [36m</option>[39m
                      [36m<option[39m
                        [33mvalue[39m=[32m"cancelled"[39m
                      [36m>[39m
                        [0mCancelled[0m
                      [36m</option>[39m
                    [36m</select>[39m
                  [36m</label>[39m
                  [36m<button[39m
                    [33mclass[39m=[32m"v4-secondary-button"[39m
                    [33mtype[39m=[32m"button"[39m
                  [36m>[39m
                    [0mReset[0m
                  [36m</button>[39m
                [36m</div>[39m
                [36m<p[39m
                  [33maria-live[39m=[32m"polite"[39m
                  [33mclass[39m=[32m"v4-list-meta"[39m
                [36m>[39m
                  [0mShowing 0 profiles · on this page[0m
                [36m</p>[39m
                [36m<div[39m
                  [33maria-label[39m=[32m"Employee"[39m
                  [33mclass[39m=[32m"v4-table-wrap"[39m
                  [33mrole[39m=[32m"region"[39m
                  [33mtabindex[39m=[32m"0"[39m
                [36m>[39m
                  [36m<table[39m
                    [33maria-label[39m=[32m"Employee"[39m
                  [36m>[39m
                    [36m<thead>[39m
                      [36m<tr>[39m
                        [36m<th>[39m
                          [0mEmployee[0m
                        [36m</th>[39m
                        [36m<th>[39m
                          [0mPosition[0m
                        [36m</th>[39m
                        [36m<th>[39m
                          [0mStart date[0m
                        [36m</th>[39m
                        [36m<th>[39m
                          [0mRoadmap progress[0m
                        [36m</th>[39m
                        [36m<th>[39m
                          [0mQuiz scores[0m
                        [36m</th>[39m
                        [36m<th>[39m
                          [0mStatus[0m
                        [36m</th>[39m
                        [36m<th>[39m
                          [0mActions[0m
                        [36m</th>[39m
                      [36m</tr>[39m
                    [36m</thead>[39m
                    [36m<tbody />[39m
                  [36m</table>[39m
                  [36m<div[39m
                    [33mclass[39m=[32m"v4-table-state"[39m
                  [36m>[39m
                    [36m<p>[39m
                      [0mNo matching profiles.[0m
                    [36m</p>[39m
                  [36m</div>[39m
                [36m</div>[39m
                [36m<div[39m
                  [33mclass[39m=[32m"v4-pager"[39m
                [36m>[39m
                  [36m<button[39m
                    [33mdisabled[39m=[32m""[39m
                    [33mtype[39m=[32m"button"[39m
                  [36m>[39m
                    [0mPrevious[0m
                  [36m</button>[39m
                  [36m<button[39m
                    [33mdisabled[39m=[32m""[39m
                    [33mtype[39m=[32m"button"[39m
                  [36m>[39m
                    [0mNext[0m
                  [36m</button>[39m
                [36m</div>[39m
              [36m</section>[39m
            [36m</main>[39m
          [36m</div>[39m
        [36m</div>[39m
      [36m</div>[39m
    [36m</div>[39m
  [36m</body>[39m
[36m</html>[39m

- Expected
+ Received

  Array [
    Object {
      "text": "Fin",
    },
-   undefined,
  ]

 ❯ tests/onboarding/v4-bootstrap.spec.tsx:186:49
    184|     mocks.positions.mockResolvedValue({ items: [], nextCursor: 'lookup…
    185|     await user.click(input); await user.clear(input); await user.type(…
    186|     await waitFor(() => expect(mocks.positions).toHaveBeenLastCalledWi…
       |                                                 ^
    187|     expect(mocks.hires).toHaveBeenLastCalledWith({ text: '', positionI…
    188|     mocks.positions.mockResolvedValueOnce({ items: [second], nextCurso…
 ❯ runWithExpensiveErrorDiagnosticsDisabled node_modules/@testing-library/dom/dist/config.js:47:12
 ❯ checkCallback node_modules/@testing-library/dom/dist/wait-for.js:124:77
 ❯ Timeout.checkRealTimersCallback node_modules/@testing-library/dom/dist/wait-for.js:118:16

⎯⎯⎯⎯⎯⎯⎯⎯⎯⎯⎯⎯⎯⎯⎯⎯⎯⎯⎯⎯⎯⎯⎯⎯[6/7]⎯

 FAIL  tests/onboarding/v4-bootstrap.spec.tsx > v4 room bootstrap surface > ignores a lookup page that finishes after a new search
TestingLibraryElementError: Unable to find role="button" and name "Load more positions"

Ignored nodes: comments, script, style
[36m<body>[39m
  [36m<div>[39m
    [36m<div[39m
      [33mclass[39m=[32m"onboarding-v4"[39m
      [33mdata-theme-mode[39m=[32m"light"[39m
      [33mlang[39m=[32m"en"[39m
    [36m>[39m
      [36m<div[39m
        [33mclass[39m=[32m"v4-app"[39m
      [36m>[39m
        [36m<aside[39m
          [33maria-label[39m=[32m"Main navigation"[39m
          [33mclass[39m=[32m"v4-sidebar"[39m
        [36m>[39m
          [36m<div[39m
            [33mclass[39m=[32m"v4-brand"[39m
          [36m>[39m
            [36m<span[39m
              [33maria-hidden[39m=[32m"true"[39m
              [33mclass[39m=[32m"v4-brand-mark"[39m
            [36m/>[39m
            [36m<span>[39m
              [36m<strong>[39m
                [0mPrivOS Onboarding[0m
              [36m</strong>[39m
              [36m<small>[39m
                [0mLearning workspace[0m
              [36m</small>[39m
            [36m</span>[39m
          [36m</div>[39m
          [36m<div[39m
            [33mclass[39m=[32m"v4-nav-label"[39m
          [36m>[39m
            [0mAdministration[0m
          [36m</div>[39m
          [36m<nav[39m
            [33maria-label[39m=[32m"Main navigation"[39m
            [33mclass[39m=[32m"v4-nav"[39m
          [36m>[39m
            [36m<button[39m
              [33maria-current[39m=[32m"page"[39m
              [33maria-label[39m=[32m"People"[39m
              [33mclass[39m=[32m"v4-nav-button active"[39m
              [33mtype[39m=[32m"button"[39m
            [36m>[39m
              [36m<svg[39m
                [33maria-hidden[39m=[32m"true"[39m
                [33mclass[39m=[32m"v4-nav-icon"[39m
                [33mfill[39m=[32m"none"[39m
                [33mstroke[39m=[32m"currentColor"[39m
                [33mstroke-linecap[39m=[32m"round"[39m
                [33mstroke-linejoin[39m=[32m"round"[39m
                [33mstroke-width[39m=[32m"1.8"[39m
                [33mviewBox[39m=[32m"0 0 24 24"[39m
              [36m>[39m
                [36m<path[39m
                  [33md[39m=[32m"M16 21v-2a4 4 0 0 0-4-4H6a4 4 0 0 0-4 4v2"[39m
                [36m/>[39m
                [36m<circle[39m
                  [33mcx[39m=[32m"9"[39m
                  [33mcy[39m=[32m"7"[39m
                  [33mr[39m=[32m"4"[39m
                [36m/>[39m
                [36m<path[39m
                  [33md[39m=[32m"M22 21v-2a4 4 0 0 0-3-3.87M16 3.13a4 4 0 0 1 0 7.75"[39m
                [36m/>[39m
              [36m</svg>[39m
              [36m<span>[39m
                [0mPeople[0m
              [36m</span>[39m
            [36m</button>[39m
            [36m<button[39m
              [33maria-label[39m=[32m"New onboarding"[39m
              [33mclass[39m=[32m"v4-nav-button"[39m
              [33mtype[39m=[32m"button"[39m
            [36m>[39m
              [36m<svg[39m
                [33maria-hidden[39m=[32m"true"[39m
                [33mclass[39m=[32m"v4-nav-icon"[39m
                [33mfill[39m=[32m"none"[39m
                [33mstroke[39m=[32m"currentColor"[39m
                [33mstroke-linecap[39m=[32m"round"[39m
                [33mstroke-linejoin[39m=[32m"round"[39m
                [33mstroke-width[39m=[32m"1.8"[39m
                [33mviewBox[39m=[32m"0 0 24 24"[39m
              [36m>[39m
                [36m<path[39m
                  [33md[39m=[32m"M12 5v14M5 12h14"[39m
                [36m/>[39m
              [36m</svg>[39m
              [36m<span>[39m
                [0mNew onboarding[0m
              [36m</span>[39m
            [36m</button>[39m
            [36m<button[39m
              [33maria-label[39m=[32m"Templates"[39m
              [33mclass[39m=[32m"v4-nav-button"[39m
              [33mtype[39m=[32m"button"[39m
            [36m>[39m
              [36m<svg[39m
                [33maria-hidden[39m=[32m"true"[39m
                [33mclass[39m=[32m"v4-nav-icon"[39m
                [33mfill[39m=[32m"none"[39m
                [33mstroke[39m=[32m"currentColor"[39m
                [33mstroke-linecap[39m=[32m"round"[39m
                [33mstroke-linejoin[39m=[32m"round"[39m
                [33mstroke-width[39m=[32m"1.8"[39m
                [33mviewBox[39m=[32m"0 0 24 24"[39m
              [36m>[39m
                [36m<rect[39m
                  [33mheight[39m=[32m"18"[39m
                  [33mrx[39m=[32m"2"[39m
                  [33mwidth[39m=[32m"18"[39m
                  [33mx[39m=[32m"3"[39m
                  [33my[39m=[32m"3"[39m
                [36m/>[39m
                [36m<path[39m
                  [33md[39m=[32m"M3 9h18M9 21V9"[39m
                [36m/>[39m
              [36m</svg>[39m
              [36m<span>[39m
                [0mTemplates[0m
              [36m</span>[39m
            [36m</button>[39m
          [36m</nav>[39m
        [36m</aside>[39m
        [36m<div[39m
          [33mclass[39m=[32m"v4-shell"[39m
        [36m>[39m
          [36m<header[39m
            [33mclass[39m=[32m"v4-topbar"[39m
          [36m>[39m
            [36m<div[39m
              [33mclass[39m=[32m"v4-context"[39m
            [36m>[39m
              [36m<strong>[39m
                [0mPeople[0m
              [36m</strong>[39m
              [36m<span>[39m
                [0mOnboarding[0m
              [36m</span>[39m
            [36m</div>[39m
            [36m<div[39m
              [33mclass[39m=[32m"v4-top-actions"[39m
            [36m>[39m
              [36m<div[39m
                [33maria-label[39m=[32m"Language"[39m
                [33mclass[39m=[32m"v4-language"[39m
                [33mrole[39m=[32m"group"[39m
              [36m>[39m
                [36m<button[39m
                  [33maria-pressed[39m=[32m"false"[39m
                  [33mclass[39m=[32m""[39m
                  [33mtype[39m=[32m"button"[39m
                [36m>[39m
                  [0mVI[0m
                [36m</button>[39m
                [36m<button[39m
                  [33maria-pressed[39m=[32m"true"[39m
                  [33mclass[39m=[32m"active"[39m
                  [33mtype[39m=[32m"button"[39m
                [36m>[39m
                  [0mEN[0m
                [36m</button>[39m
              [36m</div>[39m
              [36m<div[39m
                [33maria-label[39m=[32m"Appearance"[39m
                [33mclass[39m=[32m"v4-themes"[39m
                [33mrole[39m=[32m"group"[39m
              [36m>[39m
                [36m<button[39m
                  [33maria-label[39m=[32m"Light theme"[39m
                  [33maria-pressed[39m=[32m"true"[39m
                  [33mclass[39m=[32m"v4-theme-dot active"[39m
                  [33mdata-theme[39m=[32m"light"[39m
                  [33mtype[39m=[32m"button"[39m
                [36m/>[39m
                [36m<button[39m
                  [33maria-label[39m=[32m"Dark theme"[39m
                  [33maria-pressed[39m=[32m"false"[39m
                  [33mclass[39m=[32m"v4-theme-dot"[39m
                  [33mdata-theme[39m=[32m"dark"[39m
                  [33mtype[39m=[32m"button"[39m
                [36m/>[39m
                [36m<button[39m
                  [33maria-label[39m=[32m"Brand theme"[39m
                  [33maria-pressed[39m=[32m"false"[39m
                  [33mclass[39m=[32m"v4-theme-dot"[39m
                  [33mdata-theme[39m=[32m"brand"[39m
                  [33mtype[39m=[32m"button"[39m
                [36m/>[39m
              [36m</div>[39m
            [36m</div>[39m
          [36m</header>[39m
          [36m<main[39m
            [33mclass[39m=[32m"v4-main"[39m
          [36m>[39m
            [36m<section[39m
              [33maria-labelledby[39m=[32m"v4-hires-title"[39m
              [33mclass[39m=[32m"v4-screen"[39m
            [36m>[39m
              [36m<div[39m
                [33mclass[39m=[32m"v4-page-head"[39m
              [36m>[39m
                [36m<div>[39m
                  [36m<p[39m
                    [33mclass[39m=[32m"v4-eyebrow"[39m
                  [36m>[39m
                    [0mOn this page[0m
                    [0m · [0m
                    [0m0[0m
                    [0m [0m
                    [0mprofiles[0m
                  [36m</p>[39m
                  [36m<h1[39m
                    [33mid[39m=[32m"v4-hires-title"[39m
                  [36m>[39m
                    [0mManage onboarding[0m
                  [36m</h1>[39m
                  [36m<p>[39m
                    [0mTrack employee progress and status in this room.[0m
                  [36m</p>[39m
                [36m</div>[39m
                [36m<button[39m
                  [33mclass[39m=[32m"v4-primary-button"[39m
                  [33mtype[39m=[32m"button"[39m
                [36m>[39m
                  [0mCreate onboarding[0m
                [36m</button>[39m
              [36m</div>[39m
              [36m<div[39m
                [33maria-label[39m=[32m"On this page"[39m
                [33mclass[39m=[32m"v4-stats"[39m
              [36m>[39m
                [36m<button[39m
                  [33maria-pressed[39m=[32m"false"[39m
                  [33mclass[39m=[32m"v4-stat"[39m
                  [33mtype[39m=[32m"button"[39m
                [36m>[39m
                  [36m<span>[39m
                    [0mOnboarding[0m
                  [36m</span>[39m
                  [36m<strong>[39m
                    [0m0[0m
                  [36m</strong>[39m
                  [36m<small>[39m
                    [0mOn this page[0m
                  [36m</small>[39m
                [36m</button>[39m
                [36m<button[39m
                  [33maria-pressed[39m=[32m"false"[39m
                  [33mclass[39m=[32m"v4-stat"[39m
                  [33mtype[39m=[32m"button"[39m
                [36m>[39m
                  [36m<span>[39m
                    [0mCompleted[0m
                  [36m</span>[39m
                  [36m<strong>[39m
                    [0m0[0m
                  [36m</strong>[39m
                  [36m<small>[39m
                    [0mOn this page[0m
                  [36m</small>[39m
                [36m</button>[39m
                [36m<button[39m
                  [33maria-pressed[39m=[32m"false"[39m
                  [33mclass[39m=[32m"v4-stat"[39m
                  [33mtype[39m=[32m"button"[39m
                [36m>[39m
                  [36m<span>[39m
                    [0mSetting up[0m
                  [36m</span>[39m
                  [36m<strong>[39m
                    [0m0[0m
                  [36m</strong>[39m
                  [36m<small>[39m
                    [0mOn this page[0m
                  [36m</small>[39m
                [36m</button>[39m
                [36m<button[39m
                  [33maria-pressed[39m=[32m"false"[39m
                  [33mclass[39m=[32m"v4-stat"[39m
                  [33mtype[39m=[32m"button"[39m
                [36m>[39m
                  [36m<span>[39m
                    [0mNeeds attention[0m
                  [36m</span>[39m
                  [36m<strong>[39m
                    [0m0[0m
                  [36m</strong>[39m
                  [36m<small>[39m
                    [0mOn this page[0m
                  [36m</small>[39m
                [36m</button>[39m
              [36m</div>[39m
              [36m<div[39m
                [33mclass[39m=[32m"v4-toolbar v4-hires-toolbar"[39m
              [36m>[39m
                [36m<label[39m
                  [33mclass[39m=[32m"v4-search"[39m
                [36m>[39m
                  [36m<span[39m
                    [33mclass[39m=[32m"v4-visually-hidden"[39m
                  [36m>[39m
                    [0mSearch people[0m
                  [36m</span>[39m
                  [36m<input[39m
                    [33mplaceholder[39m=[32m"Search by name"[39m
                    [33mvalue[39m=[32m""[39m
                  [36m/>[39m
                [36m</label>[39m
                [36m<div[39m
                  [33mclass[39m=[32m"v4-position-typeahead"[39m
                [36m>[39m
                  [36m<label[39m
                    [33mclass[39m=[32m"v4-visually-hidden"[39m
                    [33mfor[39m=[32m"v4-position-filter"[39m
                  [36m>[39m
                    [0mFilter by position[0m
                  [36m</label>[39m
                  [36m<input[39m
                    [33maria-autocomplete[39m=[32m"list"[39m
                    [33maria-controls[39m=[32m"v4-position-options"[39m
                    [33maria-expanded[39m=[32m"true"[39m
                    [33maria-label[39m=[32m"Filter by position"[39m
                    [33mid[39m=[32m"v4-position-filter"[39m
                    [33mplaceholder[39m=[32m"All positions"[39m
                    [33mrole[39m=[32m"combobox"[39m
                    [33mvalue[39m=[32m""[39m
                  [36m/>[39m
                  [36m<div[39m
                    [33maria-label[39m=[32m"Filter by position"[39m
                    [33mclass[39m=[32m"v4-position-options"[39m
                    [33mid[39m=[32m"v4-position-options"[39m
                    [33mrole[39m=[32m"listbox"[39m
                  [36m>[39m
                    [36m<p>[39m
                      [0mNo matching positions.[0m
                    [36m</p>[39m
                  [36m</div>[39m
                [36m</div>[39m
                [36m<label[39m
                  [33mclass[39m=[32m"v4-filter"[39m
                [36m>[39m
                  [36m<span[39m
                    [33mclass[39m=[32m"v4-visually-hidden"[39m
                  [36m>[39m
                    [0mFilter by status[0m
                  [36m</span>[39m
                  [36m<select>[39m
                    [36m<option[39m
                      [33mvalue[39m=[32m"all"[39m
                    [36m>[39m
                      [0mAll statuses[0m
                    [36m</option>[39m
                    [36m<option[39m
                      [33mvalue[39m=[32m"provisioning"[39m
                    [36m>[39m
                      [0mSetting up[0m
                    [36m</option>[39m
                    [36m<option[39m
                      [33mvalue[39m=[32m"learning"[39m
                    [36m>[39m
                      [0mLearning[0m
                    [36m</option>[39m
                    [36m<option[39m
                      [33mvalue[39m=[32m"done"[39m
                    [36m>[39m
                      [0mCompleted[0m
                    [36m</option>[39m
                    [36m<option[39m
                      [33mvalue[39m=[32m"failed"[39m
                    [36m>[39m
                      [0mSetup failed[0m
                    [36m</option>[39m
                    [36m<option[39m
                      [33mvalue[39m=[32m"cancelled"[39m
                    [36m>[39m
                      [0mCancelled[0m
                    [36m</option>[39m
                  [36m</select>[39m
                [36m</label>[39m
                [36m<button[39m
                  [33mclass[39m=[32m"v4-secondary-button"[39m
                  [33mtype[39m=[32m"button"[39m
                [36m>[39m
                  [0mReset[0m
                [36m</button>[39m
              [36m</div>[39m
              [36m<p[39m
                [33maria-live[39m=[32m"polite"[39m
                [33mclass[39m=[32m"v4-list-meta"[39m
              [36m>[39m
                [0mShowing 0 profiles · on this page[0m
              [36m</p>[39m
              [36m<div[39m
                [33maria-label[39m=[32m"Employee"[39m
                [33mclass[39m=[32m"v4-table-wrap"[39m
                [33mrole[39m=[32m"region"[39m
                [33mtabindex[39m=[32m"0"[39m
              [36m>[39m
                [36m<table[39m
                  [33maria-label[39m=[32m"Employee"[39m
                [36m>[39m
                  [36m<thead>[39m
                    [36m<tr>[39m
                      [36m<th>[39m
                        [0mEmployee[0m
                      [36m</th>[39m
                      [36m<th>[39m
                        [0mPosition[0m
                      [36m</th>[39m
                      [36m<th>[39m
                        [0mStart date[0m
                      [36m</th>[39m
                      [36m<th>[39m
                        [0mRoadmap progress[0m
                      [36m</th>[39m
                      [36m<th>[39m
                        [0mQuiz scores[0m
                      [36m</th>[39m
                      [36m<th>[39m
                        [0mStatus[0m
                      [36m</th>[39m
                      [36m<th>[39m
                        [0mActions[0m
                      [36m</th>[39m
                    [36m</tr>[39m
                  [36m</thead>[39m
                  [36m<tbody />[39m
                [36m</table>[39m
                [36m<div[39m
                  [33mclass[39m=[32m"v4-table-state"[39m
                [36m>[39m
                  [36m<p>[39m
                    [0mNo matching profiles.[0m
                  [36m</p>[39m
                [36m</div>[39m
              [36m</div>[39m
              [36m<div[39m
                [33mclass[39m=[32m"v4-pager"[39m
              [36m>[39m
                [36m<button[39m
                  [33mdisabled[39m=[32m""[39m
                  [33mtype[39m=[32m"button"[39m
                [36m>[39m
                  [0mPrevious[0m
                [36m</button>[39m
                [36m<button[39m
                  [33mdisabled[39m=[32m""[39m
                  [33mtype[39m=[32m"button"[39m
                [36m>[39m
                  [0mNext[0m
                [36m</button>[39m
              [36m</div>[39m
            [36m</section>[39m
          [36m</main>[39m
        [36m</div>[39m
      [36m</div>[39m
    [36m</div>[39m
  [36m</div>[39m
[36m</body>[39m

Ignored nodes: comments, script, style
[36m<body>[39m
  [36m<div>[39m
    [36m<div[39m
      [33mclass[39m=[32m"onboarding-v4"[39m
      [33mdata-theme-mode[39m=[32m"light"[39m
      [33mlang[39m=[32m"en"[39m
    [36m>[39m
      [36m<div[39m
        [33mclass[39m=[32m"v4-app"[39m
      [36m>[39m
        [36m<aside[39m
          [33maria-label[39m=[32m"Main navigation"[39m
          [33mclass[39m=[32m"v4-sidebar"[39m
        [36m>[39m
          [36m<div[39m
            [33mclass[39m=[32m"v4-brand"[39m
          [36m>[39m
            [36m<span[39m
              [33maria-hidden[39m=[32m"true"[39m
              [33mclass[39m=[32m"v4-brand-mark"[39m
            [36m/>[39m
            [36m<span>[39m
              [36m<strong>[39m
                [0mPrivOS Onboarding[0m
              [36m</strong>[39m
              [36m<small>[39m
                [0mLearning workspace[0m
              [36m</small>[39m
            [36m</span>[39m
          [36m</div>[39m
          [36m<div[39m
            [33mclass[39m=[32m"v4-nav-label"[39m
          [36m>[39m
            [0mAdministration[0m
          [36m</div>[39m
          [36m<nav[39m
            [33maria-label[39m=[32m"Main navigation"[39m
            [33mclass[39m=[32m"v4-nav"[39m
          [36m>[39m
            [36m<button[39m
              [33maria-current[39m=[32m"page"[39m
              [33maria-label[39m=[32m"People"[39m
              [33mclass[39m=[32m"v4-nav-button active"[39m
              [33mtype[39m=[32m"button"[39m
            [36m>[39m
              [36m<svg[39m
                [33maria-hidden[39m=[32m"true"[39m
                [33mclass[39m=[32m"v4-nav-icon"[39m
                [33mfill[39m=[32m"none"[39m
                [33mstroke[39m=[32m"currentColor"[39m
                [33mstroke-linecap[39m=[32m"round"[39m
                [33mstroke-linejoin[39m=[32m"round"[39m
                [33mstroke-width[39m=[32m"1.8"[39m
                [33mviewBox[39m=[32m"0 0 24 24"[39m
              [36m>[39m
                [36m<path[39m
                  [33md[39m=[32m"M16 21v-2a4 4 0 0 0-4-4H6a4 4 0 0 0-4 4v2"[39m
                [36m/>[39m
                [36m<circle[39m
                  [33mcx[39m=[32m"9"[39m
                  [33mcy[39m=[32m"7"[39m
                  [33mr[39m=[32m"4"[39m
                [36m/>[39m
                [36m<path[39m
                  [33md[39m=[32m"M22 21v-2a4 4 0 0 0-3-3.87M16 3.13a4 4 0 0 1 0 7.75"[39m
                [36m/>[39m
              [36m</svg>[39m
              [36m<span>[39m
                [0mPeople[0m
              [36m</span>[39m
            [36m</button>[39m
            [36m<button[39m
              [33maria-label[39m=[32m"New onboarding"[39m
              [33mclass[39m=[32m"v4-nav-button"[39m
              [33mtype[39m=[32m"button"[39m
            [36m>[39m
              [36m<svg[39m
                [33maria-hidden[39m=[32m"true"[39m
                [33mclass[39m=[32m"v4-nav-icon"[39m
                [33mfill[39m=[32m"none"[39m
                [33mstroke[39m=[32m"currentColor"[39m
                [33mstroke-linecap[39m=[32m"round"[39m
                [33mstroke-linejoin[39m=[32m"round"[39m
                [33mstroke-width[39m=[32m"1.8"[39m
                [33mviewBox[39m=[32m"0 0 24 24"[39m
              [36m>[39m
                [36m<path[39m
                  [33md[39m=[32m"M12 5v14M5 12h14"[39m
                [36m/>[39m
              [36m</svg>[39m
              [36m<span>[39m
                [0mNew onboarding[0m
              [36m</span>[39m
            [36m</button>[39m
            [36m<button[39m
              [33maria-label[39m=[32m"Templates"[39m
              [33mclass[39m=[32m"v4-nav-button"[39m
              [33mtype[39m=[32m"button"[39m
            [36m>[39m
              [36m<svg[39m
                [33maria-hidden[39m=[32m"true"[39m
                [33mclass[39m=[32m"v4-nav-icon"[39m
                [33mfill[39m=[32m"none"[39m
                [33mstroke[39m=[32m"currentColor"[39m
                [33mstroke-linecap[39m=[32m"round"[39m
                [33mstroke-linejoin[39m=[32m"round"[39m
                [33mstroke-width[39m=[32m"1.8"[39m
                [33mviewBox[39m=[32m"0 0 24 24"[39m
              [36m>[39m
                [36m<rect[39m
                  [33mheight[39m=[32m"18"[39m
                  [33mrx[39m=[32m"2"[39m
                  [33mwidth[39m=[32m"18"[39m
                  [33mx[39m=[32m"3"[39m
                  [33my[39m=[32m"3"[39m
                [36m/>[39m
                [36m<path[39m
                  [33md[39m=[32m"M3 9h18M9 21V9"[39m
                [36m/>[39m
              [36m</svg>[39m
              [36m<span>[39m
                [0mTemplates[0m
              [36m</span>[39m
            [36m</button>[39m
          [36m</nav>[39m
        [36m</aside>[39m
        [36m<div[39m
          [33mclass[39m=[32m"v4-shell"[39m
        [36m>[39m
          [36m<header[39m
            [33mclass[39m=[32m"v4-topbar"[39m
          [36m>[39m
            [36m<div[39m
              [33mclass[39m=[32m"v4-context"[39m
            [36m>[39m
              [36m<strong>[39m
                [0mPeople[0m
              [36m</strong>[39m
              [36m<span>[39m
                [0mOnboarding[0m
              [36m</span>[39m
            [36m</div>[39m
            [36m<div[39m
              [33mclass[39m=[32m"v4-top-actions"[39m
            [36m>[39m
              [36m<div[39m
                [33maria-label[39m=[32m"Language"[39m
                [33mclass[39m=[32m"v4-language"[39m
                [33mrole[39m=[32m"group"[39m
              [36m>[39m
                [36m<button[39m
                  [33maria-pressed[39m=[32m"false"[39m
                  [33mclass[39m=[32m""[39m
                  [33mtype[39m=[32m"button"[39m
                [36m>[39m
                  [0mVI[0m
                [36m</button>[39m
                [36m<button[39m
                  [33maria-pressed[39m=[32m"true"[39m
                  [33mclass[39m=[32m"active"[39m
                  [33mtype[39m=[32m"button"[39m
                [36m>[39m
                  [0mEN[0m
                [36m</button>[39m
              [36m</div>[39m
              [36m<div[39m
                [33maria-label[39m=[32m"Appearance"[39m
                [33mclass[39m=[32m"v4-themes"[39m
                [33mrole[39m=[32m"group"[39m
              [36m>[39m
                [36m<button[39m
                  [33maria-label[39m=[32m"Light theme"[39m
                  [33maria-pressed[39m=[32m"true"[39m
                  [33mclass[39m=[32m"v4-theme-dot active"[39m
                  [33mdata-theme[39m=[32m"light"[39m
                  [33mtype[39m=[32m"button"[39m
                [36m/>[39m
                [36m<button[39m
                  [33maria-label[39m=[32m"Dark theme"[39m
                  [33maria-pressed[39m=[32m"false"[39m
                  [33mclass[39m=[32m"v4-theme-dot"[39m
                  [33mdata-theme[39m=[32m"dark"[39m
                  [33mtype[39m=[32m"button"[39m
                [36m/>[39m
                [36m<button[39m
                  [33maria-label[39m=[32m"Brand theme"[39m
                  [33maria-pressed[39m=[32m"false"[39m
                  [33mclass[39m=[32m"v4-theme-dot"[39m
                  [33mdata-theme[39m=[32m"brand"[39m
                  [33mtype[39m=[32m"button"[39m
                [36m/>[39m
              [36m</div>[39m
            [36m</div>[39m
          [36m</header>[39m
          [36m<main[39m
            [33mclass[39m=[32m"v4-main"[39m
          [36m>[39m
            [36m<section[39m
              [33maria-labelledby[39m=[32m"v4-hires-title"[39m
              [33mclass[39m=[32m"v4-screen"[39m
            [36m>[39m
              [36m<div[39m
                [33mclass[39m=[32m"v4-page-head"[39m
              [36m>[39m
                [36m<div>[39m
                  [36m<p[39m
                    [33mclass[39m=[32m"v4-eyebrow"[39m
                  [36m>[39m
                    [0mOn this page[0m
                    [0m · [0m
                    [0m0[0m
                    [0m [0m
                    [0mprofiles[0m
                  [36m</p>[39m
                  [36m<h1[39m
                    [33mid[39m=[32m"v4-hires-title"[39m
                  [36m>[39m
                    [0mManage onboarding[0m
                  [36m</h1>[39m
                  [36m<p>[39m
                    [0mTrack employee progress and status in this room.[0m
                  [36m</p>[39m
                [36m</div>[39m
                [36m<button[39m
                  [33mclass[39m=[32m"v4-primary-button"[39m
                  [33mtype[39m=[32m"button"[39m
                [36m>[39m
                  [0mCreate onboarding[0m
                [36m</button>[39m
              [36m</div>[39m
              [36m<div[39m
                [33maria-label[39m=[32m"On this page"[39m
                [33mclass[39m=[32m"v4-stats"[39m
              [36m>[39m
                [36m<button[39m
                  [33maria-pressed[39m=[32m"false"[39m
                  [33mclass[39m=[32m"v4-stat"[39m
                  [33mtype[39m=[32m"button"[39m
                [36m>[39m
                  [36m<span>[39m
                    [0mOnboarding[0m
                  [36m</span>[39m
                  [36m<strong>[39m
                    [0m0[0m
                  [36m</strong>[39m
                  [36m<small>[39m
                    [0mOn this page[0m
                  [36m</small>[39m
                [36m</button>[39m
                [36m<button[39m
                  [33maria-pressed[39m=[32m"false"[39m
                  [33mclass[39m=[32m"v4-stat"[39m
                  [33mtype[39m=[32m"button"[39m
                [36m>[39m
                  [36m<span>[39m
                    [0mCompleted[0m
                  [36m</span>[39m
                  [36m<strong>[39m
                    [0m0[0m
                  [36m</strong>[39m
                  [36m<small>[39m
                    [0mOn this page[0m
                  [36m</small>[39m
                [36m</button>[39m
                [36m<button[39m
                  [33maria-pressed[39m=[32m"false"[39m
                  [33mclass[39m=[32m"v4-stat"[39m
                  [33mtype[39m=[32m"button"[39m
                [36m>[39m
                  [36m<span>[39m
                    [0mSetting up[0m
                  [36m</span>[39m
                  [36m<strong>[39m
                    [0m0[0m
                  [36m</strong>[39m
                  [36m<small>[39m
                    [0mOn this page[0m
                  [36m</small>[39m
                [36m</button>[39m
                [36m<button[39m
                  [33maria-pressed[39m=[32m"false"[39m
                  [33mclass[39m=[32m"v4-stat"[39m
                  [33mtype[39m=[32m"button"[39m
                [36m>[39m
                  [36m<span>[39m
                    [0mNeeds attention[0m
                  [36m</span>[39m
                  [36m<strong>[39m
                    [0m0[0m
                  [36m</strong>[39m
                  [36m<small>[39m
                    [0mOn this page[0m
                  [36m</small>[39m
                [36m</button>[39m
              [36m</div>[39m
              [36m<div[39m
                [33mclass[39m=[32m"v4-toolbar v4-hires-toolbar"[39m
              [36m>[39m
                [36m<label[39m
                  [33mclass[39m=[32m"v4-search"[39m
                [36m>[39m
                  [36m<span[39m
                    [33mclass[39m=[32m"v4-visually-hidden"[39m
                  [36m>[39m
                    [0mSearch people[0m
                  [36m</span>[39m
                  [36m<input[39m
                    [33mplaceholder[39m=[32m"Search by name"[39m
                    [33mvalue[39m=[32m""[39m
                  [36m/>[39m
                [36m</label>[39m
                [36m<div[39m
                  [33mclass[39m=[32m"v4-position-typeahead"[39m
                [36m>[39m
                  [36m<label[39m
                    [33mclass[39m=[32m"v4-visually-hidden"[39m
                    [33mfor[39m=[32m"v4-position-filter"[39m
                  [36m>[39m
                    [0mFilter by position[0m
                  [36m</label>[39m
                  [36m<input[39m
                    [33maria-autocomplete[39m=[32m"list"[39m
                    [33maria-controls[39m=[32m"v4-position-options"[39m
                    [33maria-expanded[39m=[32m"true"[39m
                    [33maria-label[39m=[32m"Filter by position"[39m
                    [33mid[39m=[32m"v4-position-filter"[39m
                    [33mplaceholder[39m=[32m"All positions"[39m
                    [33mrole[39m=[32m"combobox"[39m
                    [33mvalue[39m=[32m""[39m
                  [36m/>[39m
                  [36m<div[39m
                    [33maria-label[39m=[32m"Filter by position"[39m
                    [33mclass[39m=[32m"v4-position-options"[39m
                    [33mid[39m=[32m"v4-position-options"[39m
                    [33mrole[39m=[32m"listbox"[39m
                  [36m>[39m
                    [36m<p>[39m
                      [0mNo matching positions.[0m
                    [36m</p>[39m
                  [36m</div>[39m
                [36m</div>[39m
                [36m<label[39m
                  [33mclass[39m=[32m"v4-filter"[39m
                [36m>[39m
                  [36m<span[39m
                    [33mclass[39m=[32m"v4-visually-hidden"[39m
                  [36m>[39m
                    [0mFilter by status[0m
                  [36m</span>[39m
                  [36m<select>[39m
                    [36m<option[39m
                      [33mvalue[39m=[32m"all"[39m
                    [36m>[39m
                      [0mAll statuses[0m
                    [36m</option>[39m
                    [36m<option[39m
                      [33mvalue[39m=[32m"provisioning"[39m
                    [36m>[39m
                      [0mSetting up[0m
                    [36m</option>[39m
                    [36m<option[39m
                      [33mvalue[39m=[32m"learning"[39m
                    [36m>[39m
                      [0mLearning[0m
                    [36m</option>[39m
                    [36m<option[39m
                      [33mvalue[39m=[32m"done"[39m
                    [36m>[39m
                      [0mCompleted[0m
                    [36m</option>[39m
                    [36m<option[39m
                      [33mvalue[39m=[32m"failed"[39m
                    [36m>[39m
                      [0mSetup failed[0m
                    [36m</option>[39m
                    [36m<option[39m
                      [33mvalue[39m=[32m"cancelled"[39m
                    [36m>[39m
                      [0mCancelled[0m
                    [36m</option>[39m
                  [36m</select>[39m
                [36m</label>[39m
                [36m<button[39m
                  [33mclass[39m=[32m"v4-secondary-button"[39m
                  [33mtype[39m=[32m"button"[39m
                [36m>[39m
                  [0mReset[0m
                [36m</button>[39m
              [36m</div>[39m
              [36m<p[39m
                [33maria-live[39m=[32m"polite"[39m
                [33mclass[39m=[32m"v4-list-meta"[39m
              [36m>[39m
                [0mShowing 0 profiles · on this page[0m
              [36m</p>[39m
              [36m<div[39m
                [33maria-label[39m=[32m"Employee"[39m
                [33mclass[39m=[32m"v4-table-wrap"[39m
                [33mrole[39m=[32m"region"[39m
                [33mtabindex[39m=[32m"0"[39m
              [36m>[39m
                [36m<table[39m
                  [33maria-label[39m=[32m"Employee"[39m
                [36m>[39m
                  [36m<thead>[39m
                    [36m<tr>[39m
                      [36m<th>[39m
                        [0mEmployee[0m
                      [36m</th>[39m
                      [36m<th>[39m
                        [0mPosition[0m
                      [36m</th>[39m
                      [36m<th>[39m
                        [0mStart date[0m
                      [36m</th>[39m
                      [36m<th>[39m
                        [0mRoadmap progress[0m
                      [36m</th>[39m
                      [36m<th>[39m
                        [0mQuiz scores[0m
                      [36m</th>[39m
                      [36m<th>[39m
                        [0mStatus[0m
                      [36m</th>[39m
                      [36m<th>[39m
                        [0mActions[0m
                      [36m</th>[39m
                    [36m</tr>[39m
                  [36m</thead>[39m
                  [36m<tbody />[39m
                [36m</table>[39m
                [36m<div[39m
                  [33mclass[39m=[32m"v4-table-state"[39m
                [36m>[39m
                  [36m<p>[39m
                    [0mNo matching profiles.[0m
                  [36m</p>[39m
                [36m</div>[39m
              [36m</div>[39m
              [36m<div[39m
                [33mclass[39m=[32m"v4-pager"[39m
              [36m>[39m
                [36m<button[39m
                  [33mdisabled[39m=[32m""[39m
                  [33mtype[39m=[32m"button"[39m
                [36m>[39m
                  [0mPrevious[0m
                [36m</button>[39m
                [36m<button[39m
                  [33mdisabled[39m=[32m""[39m
                  [33mtype[39m=[32m"button"[39m
                [36m>[39m
                  [0mNext[0m
                [36m</button>[39m
              [36m</div>[39m
            [36m</section>[39m
          [36m</main>[39m
        [36m</div>[39m
      [36m</div>[39m
    [36m</div>[39m
  [36m</div>[39m
[36m</body>[39m
 ❯ waitForWrapper node_modules/@testing-library/dom/dist/wait-for.js:163:27
 ❯ node_modules/@testing-library/dom/dist/query-helpers.js:86:33
 ❯ tests/onboarding/v4-bootstrap.spec.tsx:204:60
    202|     const user = userEvent.setup(); renderV4(); await screen.findByTex…
    203|     const input = screen.getByRole('combobox', { name: 'Filter by posi…
    204|     await user.click(input); await user.click(await screen.findByRole(…
       |                                                            ^
    205|     await user.type(input, 'New');
    206|     await waitFor(() => expect(mocks.positions).toHaveBeenLastCalledWi…

⎯⎯⎯⎯⎯⎯⎯⎯⎯⎯⎯⎯⎯⎯⎯⎯⎯⎯⎯⎯⎯⎯⎯⎯[7/7]⎯

 Test Files  1 failed (1)
      Tests  7 failed | 3 passed (10)
   Start at  14:49:40
   Duration  44.68s (transform 3.99s, setup 0ms, collect 16.70s, tests 3.18s, environment 22.83s, prepare 1.23s)

